"study","k","delta_ccc","baseline_ccc","target_ccc","power"
"alternaria_pecan",2,0.05,0.926399315610867,0.976399315610867,0.165635011505709
"alternaria_pecan",3,0.05,0.926399315610867,0.976399315610867,0.434334949810804
"alternaria_pecan",4,0.05,0.926399315610867,0.976399315610867,0.708921161897567
"alternaria_pecan",5,0.05,0.926399315610867,0.976399315610867,0.875668125023803
"alternaria_pecan",6,0.05,0.926399315610867,0.976399315610867,0.9528904394143
"alternaria_pecan",7,0.05,0.926399315610867,0.976399315610867,0.983553490670474
"alternaria_pecan",8,0.05,0.926399315610867,0.976399315610867,0.994591362862148
"alternaria_pecan",9,0.05,0.926399315610867,0.976399315610867,0.998301225521571
"alternaria_pecan",10,0.05,0.926399315610867,0.976399315610867,0.999485730479713
"alternaria_pecan",11,0.05,0.926399315610867,0.976399315610867,0.999848978757293
"alternaria_pecan",12,0.05,0.926399315610867,0.976399315610867,0.999956776759513
"alternaria_pecan",13,0.05,0.926399315610867,0.976399315610867,0.999987900241503
"alternaria_pecan",14,0.05,0.926399315610867,0.976399315610867,0.999996677802316
"alternaria_pecan",15,0.05,0.926399315610867,0.976399315610867,0.999999103333616
"alternaria_pecan",16,0.05,0.926399315610867,0.976399315610867,0.999999761668094
"alternaria_pecan",17,0.05,0.926399315610867,0.976399315610867,0.99999993752108
"alternaria_pecan",18,0.05,0.926399315610867,0.976399315610867,0.999999983825305
"alternaria_pecan",19,0.05,0.926399315610867,0.976399315610867,0.999999995860422
"alternaria_pecan",20,0.05,0.926399315610867,0.976399315610867,0.999999998951663
"alternaria_pecan",21,0.05,0.926399315610867,0.976399315610867,0.999999999737091
"alternaria_pecan",22,0.05,0.926399315610867,0.976399315610867,0.999999999934657
"alternaria_pecan",23,0.05,0.926399315610867,0.976399315610867,0.999999999983896
"alternaria_pecan",24,0.05,0.926399315610867,0.976399315610867,0.999999999996063
"alternaria_pecan",25,0.05,0.926399315610867,0.976399315610867,0.999999999999044
"alternaria_pecan",26,0.05,0.926399315610867,0.976399315610867,0.99999999999977
"alternaria_pecan",27,0.05,0.926399315610867,0.976399315610867,0.999999999999945
"alternaria_pecan",28,0.05,0.926399315610867,0.976399315610867,0.999999999999987
"alternaria_pecan",29,0.05,0.926399315610867,0.976399315610867,0.999999999999997
"alternaria_pecan",30,0.05,0.926399315610867,0.976399315610867,0.999999999999999
"alternaria_pecan",31,0.05,0.926399315610867,0.976399315610867,1
"alternaria_pecan",32,0.05,0.926399315610867,0.976399315610867,1
"alternaria_pecan",33,0.05,0.926399315610867,0.976399315610867,1
"alternaria_pecan",34,0.05,0.926399315610867,0.976399315610867,1
"alternaria_pecan",35,0.05,0.926399315610867,0.976399315610867,1
"alternaria_pecan",36,0.05,0.926399315610867,0.976399315610867,1
"alternaria_pecan",37,0.05,0.926399315610867,0.976399315610867,1
"alternaria_pecan",38,0.05,0.926399315610867,0.976399315610867,1
"alternaria_pecan",39,0.05,0.926399315610867,0.976399315610867,1
"alternaria_pecan",40,0.05,0.926399315610867,0.976399315610867,1
"alternaria_pecan",41,0.05,0.926399315610867,0.976399315610867,1
"alternaria_pecan",42,0.05,0.926399315610867,0.976399315610867,1
"alternaria_pecan",43,0.05,0.926399315610867,0.976399315610867,1
"alternaria_pecan",44,0.05,0.926399315610867,0.976399315610867,1
"alternaria_pecan",45,0.05,0.926399315610867,0.976399315610867,1
"alternaria_pecan",46,0.05,0.926399315610867,0.976399315610867,1
"alternaria_pecan",47,0.05,0.926399315610867,0.976399315610867,1
"alternaria_pecan",48,0.05,0.926399315610867,0.976399315610867,1
"alternaria_pecan",49,0.05,0.926399315610867,0.976399315610867,1
"alternaria_pecan",50,0.05,0.926399315610867,0.976399315610867,1
"alternaria_pecan",51,0.05,0.926399315610867,0.976399315610867,1
"alternaria_pecan",52,0.05,0.926399315610867,0.976399315610867,1
"alternaria_pecan",53,0.05,0.926399315610867,0.976399315610867,1
"alternaria_pecan",54,0.05,0.926399315610867,0.976399315610867,1
"alternaria_pecan",55,0.05,0.926399315610867,0.976399315610867,1
"alternaria_pecan",56,0.05,0.926399315610867,0.976399315610867,1
"alternaria_pecan",57,0.05,0.926399315610867,0.976399315610867,1
"alternaria_pecan",58,0.05,0.926399315610867,0.976399315610867,1
"alternaria_pecan",59,0.05,0.926399315610867,0.976399315610867,1
"alternaria_pecan",60,0.05,0.926399315610867,0.976399315610867,1
"alternaria_pecan",61,0.05,0.926399315610867,0.976399315610867,1
"alternaria_pecan",62,0.05,0.926399315610867,0.976399315610867,1
"alternaria_pecan",63,0.05,0.926399315610867,0.976399315610867,1
"alternaria_pecan",64,0.05,0.926399315610867,0.976399315610867,1
"alternaria_pecan",65,0.05,0.926399315610867,0.976399315610867,1
"alternaria_pecan",66,0.05,0.926399315610867,0.976399315610867,1
"alternaria_pecan",67,0.05,0.926399315610867,0.976399315610867,1
"alternaria_pecan",68,0.05,0.926399315610867,0.976399315610867,1
"alternaria_pecan",69,0.05,0.926399315610867,0.976399315610867,1
"alternaria_pecan",70,0.05,0.926399315610867,0.976399315610867,1
"alternaria_pecan",71,0.05,0.926399315610867,0.976399315610867,1
"alternaria_pecan",72,0.05,0.926399315610867,0.976399315610867,1
"alternaria_pecan",73,0.05,0.926399315610867,0.976399315610867,1
"alternaria_pecan",74,0.05,0.926399315610867,0.976399315610867,1
"alternaria_pecan",75,0.05,0.926399315610867,0.976399315610867,1
"alternaria_pecan",76,0.05,0.926399315610867,0.976399315610867,1
"alternaria_pecan",77,0.05,0.926399315610867,0.976399315610867,1
"alternaria_pecan",78,0.05,0.926399315610867,0.976399315610867,1
"alternaria_pecan",79,0.05,0.926399315610867,0.976399315610867,1
"alternaria_pecan",80,0.05,0.926399315610867,0.976399315610867,1
"alternaria_pecan",81,0.05,0.926399315610867,0.976399315610867,1
"alternaria_pecan",82,0.05,0.926399315610867,0.976399315610867,1
"alternaria_pecan",83,0.05,0.926399315610867,0.976399315610867,1
"alternaria_pecan",84,0.05,0.926399315610867,0.976399315610867,1
"alternaria_pecan",85,0.05,0.926399315610867,0.976399315610867,1
"alternaria_pecan",86,0.05,0.926399315610867,0.976399315610867,1
"alternaria_pecan",87,0.05,0.926399315610867,0.976399315610867,1
"alternaria_pecan",88,0.05,0.926399315610867,0.976399315610867,1
"alternaria_pecan",89,0.05,0.926399315610867,0.976399315610867,1
"alternaria_pecan",90,0.05,0.926399315610867,0.976399315610867,1
"alternaria_pecan",91,0.05,0.926399315610867,0.976399315610867,1
"alternaria_pecan",92,0.05,0.926399315610867,0.976399315610867,1
"alternaria_pecan",93,0.05,0.926399315610867,0.976399315610867,1
"alternaria_pecan",94,0.05,0.926399315610867,0.976399315610867,1
"alternaria_pecan",95,0.05,0.926399315610867,0.976399315610867,1
"alternaria_pecan",96,0.05,0.926399315610867,0.976399315610867,1
"alternaria_pecan",97,0.05,0.926399315610867,0.976399315610867,1
"alternaria_pecan",98,0.05,0.926399315610867,0.976399315610867,1
"alternaria_pecan",99,0.05,0.926399315610867,0.976399315610867,1
"alternaria_pecan",100,0.05,0.926399315610867,0.976399315610867,1
"alternaria_pecan",101,0.05,0.926399315610867,0.976399315610867,1
"alternaria_pecan",102,0.05,0.926399315610867,0.976399315610867,1
"alternaria_pecan",103,0.05,0.926399315610867,0.976399315610867,1
"alternaria_pecan",104,0.05,0.926399315610867,0.976399315610867,1
"alternaria_pecan",105,0.05,0.926399315610867,0.976399315610867,1
"alternaria_pecan",106,0.05,0.926399315610867,0.976399315610867,1
"alternaria_pecan",107,0.05,0.926399315610867,0.976399315610867,1
"alternaria_pecan",108,0.05,0.926399315610867,0.976399315610867,1
"alternaria_pecan",109,0.05,0.926399315610867,0.976399315610867,1
"alternaria_pecan",110,0.05,0.926399315610867,0.976399315610867,1
"alternaria_pecan",111,0.05,0.926399315610867,0.976399315610867,1
"alternaria_pecan",112,0.05,0.926399315610867,0.976399315610867,1
"alternaria_pecan",113,0.05,0.926399315610867,0.976399315610867,1
"alternaria_pecan",114,0.05,0.926399315610867,0.976399315610867,1
"alternaria_pecan",115,0.05,0.926399315610867,0.976399315610867,1
"alternaria_pecan",116,0.05,0.926399315610867,0.976399315610867,1
"alternaria_pecan",117,0.05,0.926399315610867,0.976399315610867,1
"alternaria_pecan",118,0.05,0.926399315610867,0.976399315610867,1
"alternaria_pecan",119,0.05,0.926399315610867,0.976399315610867,1
"alternaria_pecan",120,0.05,0.926399315610867,0.976399315610867,1
"alternaria_pecan",121,0.05,0.926399315610867,0.976399315610867,1
"alternaria_pecan",122,0.05,0.926399315610867,0.976399315610867,1
"alternaria_pecan",123,0.05,0.926399315610867,0.976399315610867,1
"alternaria_pecan",124,0.05,0.926399315610867,0.976399315610867,1
"alternaria_pecan",125,0.05,0.926399315610867,0.976399315610867,1
"alternaria_pecan",126,0.05,0.926399315610867,0.976399315610867,1
"alternaria_pecan",127,0.05,0.926399315610867,0.976399315610867,1
"alternaria_pecan",128,0.05,0.926399315610867,0.976399315610867,1
"alternaria_pecan",129,0.05,0.926399315610867,0.976399315610867,1
"alternaria_pecan",130,0.05,0.926399315610867,0.976399315610867,1
"botrytis_gerbera",2,0.05,0.739965217459279,0.789965217459279,0.0581444319382768
"botrytis_gerbera",3,0.05,0.739965217459279,0.789965217459279,0.073081104460239
"botrytis_gerbera",4,0.05,0.739965217459279,0.789965217459279,0.0912127042971375
"botrytis_gerbera",5,0.05,0.739965217459279,0.789965217459279,0.110642182402519
"botrytis_gerbera",6,0.05,0.739965217459279,0.789965217459279,0.13070046194513
"botrytis_gerbera",7,0.05,0.739965217459279,0.789965217459279,0.151110162225281
"botrytis_gerbera",8,0.05,0.739965217459279,0.789965217459279,0.171725357099095
"botrytis_gerbera",9,0.05,0.739965217459279,0.789965217459279,0.192451860022419
"botrytis_gerbera",10,0.05,0.739965217459279,0.789965217459279,0.213219534353611
"botrytis_gerbera",11,0.05,0.739965217459279,0.789965217459279,0.233971382422006
"botrytis_gerbera",12,0.05,0.739965217459279,0.789965217459279,0.254658737255062
"botrytis_gerbera",13,0.05,0.739965217459279,0.789965217459279,0.275238917240323
"botrytis_gerbera",14,0.05,0.739965217459279,0.789965217459279,0.295673965535051
"botrytis_gerbera",15,0.05,0.739965217459279,0.789965217459279,0.315929903929447
"botrytis_gerbera",16,0.05,0.739965217459279,0.789965217459279,0.335976246915096
"botrytis_gerbera",17,0.05,0.739965217459279,0.789965217459279,0.355785655226194
"botrytis_gerbera",18,0.05,0.739965217459279,0.789965217459279,0.375333668407423
"botrytis_gerbera",19,0.05,0.739965217459279,0.789965217459279,0.394598484689787
"botrytis_gerbera",20,0.05,0.739965217459279,0.789965217459279,0.413560770881413
"botrytis_gerbera",21,0.05,0.739965217459279,0.789965217459279,0.432203492501525
"botrytis_gerbera",22,0.05,0.739965217459279,0.789965217459279,0.450511758464128
"botrytis_gerbera",23,0.05,0.739965217459279,0.789965217459279,0.468472676896098
"botrytis_gerbera",24,0.05,0.739965217459279,0.789965217459279,0.486075219988979
"botrytis_gerbera",25,0.05,0.739965217459279,0.789965217459279,0.503310096536009
"botrytis_gerbera",26,0.05,0.739965217459279,0.789965217459279,0.520169631292423
"botrytis_gerbera",27,0.05,0.739965217459279,0.789965217459279,0.53664765055168
"botrytis_gerbera",28,0.05,0.739965217459279,0.789965217459279,0.552739373516612
"botrytis_gerbera",29,0.05,0.739965217459279,0.789965217459279,0.568441309146361
"botrytis_gerbera",30,0.05,0.739965217459279,0.789965217459279,0.583751158226552
"botrytis_gerbera",31,0.05,0.739965217459279,0.789965217459279,0.598667720451421
"botrytis_gerbera",32,0.05,0.739965217459279,0.789965217459279,0.613190806331622
"botrytis_gerbera",33,0.05,0.739965217459279,0.789965217459279,0.627321153757187
"botrytis_gerbera",34,0.05,0.739965217459279,0.789965217459279,0.641060349054306
"botrytis_gerbera",35,0.05,0.739965217459279,0.789965217459279,0.654410752379221
"botrytis_gerbera",36,0.05,0.739965217459279,0.789965217459279,0.667375427301822
"botrytis_gerbera",37,0.05,0.739965217459279,0.789965217459279,0.679958074416677
"botrytis_gerbera",38,0.05,0.739965217459279,0.789965217459279,0.692162968847538
"botrytis_gerbera",39,0.05,0.739965217459279,0.789965217459279,0.703994901486654
"botrytis_gerbera",40,0.05,0.739965217459279,0.789965217459279,0.715459123826275
"botrytis_gerbera",41,0.05,0.739965217459279,0.789965217459279,0.726561296236254
"botrytis_gerbera",42,0.05,0.739965217459279,0.789965217459279,0.737307439543921
"botrytis_gerbera",43,0.05,0.739965217459279,0.789965217459279,0.747703889774108
"botrytis_gerbera",44,0.05,0.739965217459279,0.789965217459279,0.757757255909482
"botrytis_gerbera",45,0.05,0.739965217459279,0.789965217459279,0.767474380533501
"botrytis_gerbera",46,0.05,0.739965217459279,0.789965217459279,0.776862303221373
"botrytis_gerbera",47,0.05,0.739965217459279,0.789965217459279,0.785928226546917
"botrytis_gerbera",48,0.05,0.739965217459279,0.789965217459279,0.794679484576621
"botrytis_gerbera",49,0.05,0.739965217459279,0.789965217459279,0.803123513725491
"botrytis_gerbera",50,0.05,0.739965217459279,0.789965217459279,0.811267825852747
"botrytis_gerbera",51,0.05,0.739965217459279,0.789965217459279,0.819119983478345
"botrytis_gerbera",52,0.05,0.739965217459279,0.789965217459279,0.826687577010145
"botrytis_gerbera",53,0.05,0.739965217459279,0.789965217459279,0.833978203860179
"botrytis_gerbera",54,0.05,0.739965217459279,0.789965217459279,0.840999449357406
"botrytis_gerbera",55,0.05,0.739965217459279,0.789965217459279,0.847758869343423
"botrytis_gerbera",56,0.05,0.739965217459279,0.789965217459279,0.854263974356236
"botrytis_gerbera",57,0.05,0.739965217459279,0.789965217459279,0.86052221530646
"botrytis_gerbera",58,0.05,0.739965217459279,0.789965217459279,0.866540970554427
"botrytis_gerbera",59,0.05,0.739965217459279,0.789965217459279,0.872327534300951
"botrytis_gerbera",60,0.05,0.739965217459279,0.789965217459279,0.877889106208424
"botrytis_gerbera",61,0.05,0.739965217459279,0.789965217459279,0.883232782171856
"botrytis_gerbera",62,0.05,0.739965217459279,0.789965217459279,0.888365546164105
"botrytis_gerbera",63,0.05,0.739965217459279,0.789965217459279,0.893294263082779
"botrytis_gerbera",64,0.05,0.739965217459279,0.789965217459279,0.898025672529476
"botrytis_gerbera",65,0.05,0.739965217459279,0.789965217459279,0.902566383455777
"botrytis_gerbera",66,0.05,0.739965217459279,0.789965217459279,0.906922869614056
"botrytis_gerbera",67,0.05,0.739965217459279,0.789965217459279,0.911101465753494
"botrytis_gerbera",68,0.05,0.739965217459279,0.789965217459279,0.915108364505647
"botrytis_gerbera",69,0.05,0.739965217459279,0.789965217459279,0.918949613906538
"botrytis_gerbera",70,0.05,0.739965217459279,0.789965217459279,0.922631115505511
"botrytis_gerbera",71,0.05,0.739965217459279,0.789965217459279,0.926158623013006
"botrytis_gerbera",72,0.05,0.739965217459279,0.789965217459279,0.929537741443319
"botrytis_gerbera",73,0.05,0.739965217459279,0.789965217459279,0.932773926709671
"botrytis_gerbera",74,0.05,0.739965217459279,0.789965217459279,0.935872485635573
"botrytis_gerbera",75,0.05,0.739965217459279,0.789965217459279,0.938838576336757
"botrytis_gerbera",76,0.05,0.739965217459279,0.789965217459279,0.941677208950211
"botrytis_gerbera",77,0.05,0.739965217459279,0.789965217459279,0.944393246669773
"botrytis_gerbera",78,0.05,0.739965217459279,0.789965217459279,0.946991407060174
"botrytis_gerbera",79,0.05,0.739965217459279,0.789965217459279,0.949476263621791
"botrytis_gerbera",80,0.05,0.739965217459279,0.789965217459279,0.951852247577695
"botrytis_gerbera",81,0.05,0.739965217459279,0.789965217459279,0.954123649859967
"botrytis_gerbera",82,0.05,0.739965217459279,0.789965217459279,0.956294623270486
"botrytis_gerbera",83,0.05,0.739965217459279,0.789965217459279,0.958369184796198
"botrytis_gerbera",84,0.05,0.739965217459279,0.789965217459279,0.960351218057409
"botrytis_gerbera",85,0.05,0.739965217459279,0.789965217459279,0.962244475871483
"botrytis_gerbera",86,0.05,0.739965217459279,0.789965217459279,0.964052582914607
"botrytis_gerbera",87,0.05,0.739965217459279,0.789965217459279,0.965779038465554
"botrytis_gerbera",88,0.05,0.739965217459279,0.789965217459279,0.967427219216562
"botrytis_gerbera",89,0.05,0.739965217459279,0.789965217459279,0.969000382138607
"botrytis_gerbera",90,0.05,0.739965217459279,0.789965217459279,0.970501667387844
"botrytis_gerbera",91,0.05,0.739965217459279,0.789965217459279,0.97193410124226
"botrytis_gerbera",92,0.05,0.739965217459279,0.789965217459279,0.973300599057773
"botrytis_gerbera",93,0.05,0.739965217459279,0.789965217459279,0.974603968234848
"botrytis_gerbera",94,0.05,0.739965217459279,0.789965217459279,0.975846911186465
"botrytis_gerbera",95,0.05,0.739965217459279,0.789965217459279,0.977032028299054
"botrytis_gerbera",96,0.05,0.739965217459279,0.789965217459279,0.978161820880856
"botrytis_gerbera",97,0.05,0.739965217459279,0.789965217459279,0.97923869408948
"botrytis_gerbera",98,0.05,0.739965217459279,0.789965217459279,0.980264959834034
"botrytis_gerbera",99,0.05,0.739965217459279,0.789965217459279,0.981242839646169
"botrytis_gerbera",100,0.05,0.739965217459279,0.789965217459279,0.982174467514984
"botrytis_gerbera",101,0.05,0.739965217459279,0.789965217459279,0.983061892683461
"botrytis_gerbera",102,0.05,0.739965217459279,0.789965217459279,0.983907082399648
"botrytis_gerbera",103,0.05,0.739965217459279,0.789965217459279,0.984711924623345
"botrytis_gerbera",104,0.05,0.739965217459279,0.789965217459279,0.985478230681788
"botrytis_gerbera",105,0.05,0.739965217459279,0.789965217459279,0.986207737874726
"botrytis_gerbera",106,0.05,0.739965217459279,0.789965217459279,0.98690211202565
"botrytis_gerbera",107,0.05,0.739965217459279,0.789965217459279,0.987562949976785
"botrytis_gerbera",108,0.05,0.739965217459279,0.789965217459279,0.988191782030731
"botrytis_gerbera",109,0.05,0.739965217459279,0.789965217459279,0.988790074328302
"botrytis_gerbera",110,0.05,0.739965217459279,0.789965217459279,0.989359231173879
"botrytis_gerbera",111,0.05,0.739965217459279,0.789965217459279,0.989900597298063
"botrytis_gerbera",112,0.05,0.739965217459279,0.789965217459279,0.990415460062194
"botrytis_gerbera",113,0.05,0.739965217459279,0.789965217459279,0.990905051602195
"botrytis_gerbera",114,0.05,0.739965217459279,0.789965217459279,0.991370550913805
"botrytis_gerbera",115,0.05,0.739965217459279,0.789965217459279,0.991813085876771
"botrytis_gerbera",116,0.05,0.739965217459279,0.789965217459279,0.992233735221307
"botrytis_gerbera",117,0.05,0.739965217459279,0.789965217459279,0.992633530434416
"botrytis_gerbera",118,0.05,0.739965217459279,0.789965217459279,0.993013457608515
"botrytis_gerbera",119,0.05,0.739965217459279,0.789965217459279,0.993374459232539
"botrytis_gerbera",120,0.05,0.739965217459279,0.789965217459279,0.993717435925419
"botrytis_gerbera",121,0.05,0.739965217459279,0.789965217459279,0.994043248114577
"botrytis_gerbera",122,0.05,0.739965217459279,0.789965217459279,0.994352717657757
"botrytis_gerbera",123,0.05,0.739965217459279,0.789965217459279,0.994646629412181
"botrytis_gerbera",124,0.05,0.739965217459279,0.789965217459279,0.99492573274951
"botrytis_gerbera",125,0.05,0.739965217459279,0.789965217459279,0.995190743018855
"botrytis_gerbera",126,0.05,0.739965217459279,0.789965217459279,0.995442342958848
"botrytis_gerbera",127,0.05,0.739965217459279,0.789965217459279,0.995681184060147
"botrytis_gerbera",128,0.05,0.739965217459279,0.789965217459279,0.995907887878012
"botrytis_gerbera",129,0.05,0.739965217459279,0.789965217459279,0.99612304729917
"botrytis_gerbera",130,0.05,0.739965217459279,0.789965217459279,0.996327227760482
"botrytis_gerbera",2,0.1,0.739965217459279,0.839965217459279,0.0868497569727669
"botrytis_gerbera",3,0.1,0.739965217459279,0.839965217459279,0.160108374517687
"botrytis_gerbera",4,0.1,0.739965217459279,0.839965217459279,0.252901648972332
"botrytis_gerbera",5,0.1,0.739965217459279,0.839965217459279,0.350133102726193
"botrytis_gerbera",6,0.1,0.739965217459279,0.839965217459279,0.443932918141755
"botrytis_gerbera",7,0.1,0.739965217459279,0.839965217459279,0.530395721549362
"botrytis_gerbera",8,0.1,0.739965217459279,0.839965217459279,0.60774683735977
"botrytis_gerbera",9,0.1,0.739965217459279,0.839965217459279,0.675445897963227
"botrytis_gerbera",10,0.1,0.739965217459279,0.839965217459279,0.733687920831528
"botrytis_gerbera",11,0.1,0.739965217459279,0.839965217459279,0.783094428967171
"botrytis_gerbera",12,0.1,0.739965217459279,0.839965217459279,0.824512152627854
"botrytis_gerbera",13,0.1,0.739965217459279,0.839965217459279,0.858880516277179
"botrytis_gerbera",14,0.1,0.739965217459279,0.839965217459279,0.88714601779185
"botrytis_gerbera",15,0.1,0.739965217459279,0.839965217459279,0.910209334392237
"botrytis_gerbera",16,0.1,0.739965217459279,0.839965217459279,0.928895245455273
"botrytis_gerbera",17,0.1,0.739965217459279,0.839965217459279,0.943938200221351
"botrytis_gerbera",18,0.1,0.739965217459279,0.839965217459279,0.955978300305993
"botrytis_gerbera",19,0.1,0.739965217459279,0.839965217459279,0.965563910283576
"botrytis_gerbera",20,0.1,0.739965217459279,0.839965217459279,0.973158198662108
"botrytis_gerbera",21,0.1,0.739965217459279,0.839965217459279,0.979147731503572
"botrytis_gerbera",22,0.1,0.739965217459279,0.839965217459279,0.983851851394836
"botrytis_gerbera",23,0.1,0.739965217459279,0.839965217459279,0.987532021569286
"botrytis_gerbera",24,0.1,0.739965217459279,0.839965217459279,0.99040063583873
"botrytis_gerbera",25,0.1,0.739965217459279,0.839965217459279,0.992629019760124
"botrytis_gerbera",26,0.1,0.739965217459279,0.839965217459279,0.994354501224141
"botrytis_gerbera",27,0.1,0.739965217459279,0.839965217459279,0.995686528585922
"botrytis_gerbera",28,0.1,0.739965217459279,0.839965217459279,0.996711876360732
"botrytis_gerbera",29,0.1,0.739965217459279,0.839965217459279,0.997499013718075
"botrytis_gerbera",30,0.1,0.739965217459279,0.839965217459279,0.998101727998457
"botrytis_gerbera",31,0.1,0.739965217459279,0.839965217459279,0.998562100470847
"botrytis_gerbera",32,0.1,0.739965217459279,0.839965217459279,0.998912929019065
"botrytis_gerbera",33,0.1,0.739965217459279,0.839965217459279,0.999179685537573
"botrytis_gerbera",34,0.1,0.739965217459279,0.839965217459279,0.999382086680119
"botrytis_gerbera",35,0.1,0.739965217459279,0.839965217459279,0.999535346661532
"botrytis_gerbera",36,0.1,0.739965217459279,0.839965217459279,0.999651170963127
"botrytis_gerbera",37,0.1,0.739965217459279,0.839965217459279,0.999738540566905
"botrytis_gerbera",38,0.1,0.739965217459279,0.839965217459279,0.999804328024419
"botrytis_gerbera",39,0.1,0.739965217459279,0.839965217459279,0.999853779366905
"botrytis_gerbera",40,0.1,0.739965217459279,0.839965217459279,0.999890889590945
"botrytis_gerbera",41,0.1,0.739965217459279,0.839965217459279,0.99991869415392
"botrytis_gerbera",42,0.1,0.739965217459279,0.839965217459279,0.999939494495667
"botrytis_gerbera",43,0.1,0.739965217459279,0.839965217459279,0.999955031961499
"botrytis_gerbera",44,0.1,0.739965217459279,0.839965217459279,0.999966621530593
"botrytis_gerbera",45,0.1,0.739965217459279,0.839965217459279,0.999975254348827
"botrytis_gerbera",46,0.1,0.739965217459279,0.839965217459279,0.999981676134147
"botrytis_gerbera",47,0.1,0.739965217459279,0.839965217459279,0.999986446980815
"botrytis_gerbera",48,0.1,0.739965217459279,0.839965217459279,0.999989986866628
"botrytis_gerbera",49,0.1,0.739965217459279,0.839965217459279,0.999992610202411
"botrytis_gerbera",50,0.1,0.739965217459279,0.839965217459279,0.999994552005651
"botrytis_gerbera",51,0.1,0.739965217459279,0.839965217459279,0.999995987687987
"botrytis_gerbera",52,0.1,0.739965217459279,0.839965217459279,0.999997047985256
"botrytis_gerbera",53,0.1,0.739965217459279,0.839965217459279,0.999997830201338
"botrytis_gerbera",54,0.1,0.739965217459279,0.839965217459279,0.999998406660691
"botrytis_gerbera",55,0.1,0.739965217459279,0.839965217459279,0.99999883105146
"botrytis_gerbera",56,0.1,0.739965217459279,0.839965217459279,0.999999143177725
"botrytis_gerbera",57,0.1,0.739965217459279,0.839965217459279,0.999999372514248
"botrytis_gerbera",58,0.1,0.739965217459279,0.839965217459279,0.999999540861295
"botrytis_gerbera",59,0.1,0.739965217459279,0.839965217459279,0.999999664324486
"botrytis_gerbera",60,0.1,0.739965217459279,0.839965217459279,0.999999754789208
"botrytis_gerbera",61,0.1,0.739965217459279,0.839965217459279,0.999999821017003
"botrytis_gerbera",62,0.1,0.739965217459279,0.839965217459279,0.999999869459856
"botrytis_gerbera",63,0.1,0.739965217459279,0.839965217459279,0.999999904864186
"botrytis_gerbera",64,0.1,0.739965217459279,0.839965217459279,0.999999930718249
"botrytis_gerbera",65,0.1,0.739965217459279,0.839965217459279,0.999999949583165
"botrytis_gerbera",66,0.1,0.739965217459279,0.839965217459279,0.999999963337596
"botrytis_gerbera",67,0.1,0.739965217459279,0.839965217459279,0.999999973358357
"botrytis_gerbera",68,0.1,0.739965217459279,0.839965217459279,0.999999980653481
"botrytis_gerbera",69,0.1,0.739965217459279,0.839965217459279,0.999999985960483
"botrytis_gerbera",70,0.1,0.739965217459279,0.839965217459279,0.999999989818428
"botrytis_gerbera",71,0.1,0.739965217459279,0.839965217459279,0.999999992621017
"botrytis_gerbera",72,0.1,0.739965217459279,0.839965217459279,0.999999994655555
"botrytis_gerbera",73,0.1,0.739965217459279,0.839965217459279,0.999999996131536
"botrytis_gerbera",74,0.1,0.739965217459279,0.839965217459279,0.999999997201601
"botrytis_gerbera",75,0.1,0.739965217459279,0.839965217459279,0.999999997976886
"botrytis_gerbera",76,0.1,0.739965217459279,0.839965217459279,0.999999998538241
"botrytis_gerbera",77,0.1,0.739965217459279,0.839965217459279,0.999999998944445
"botrytis_gerbera",78,0.1,0.739965217459279,0.839965217459279,0.999999999238202
"botrytis_gerbera",79,0.1,0.739965217459279,0.839965217459279,0.999999999450514
"botrytis_gerbera",80,0.1,0.739965217459279,0.839965217459279,0.999999999603871
"botrytis_gerbera",81,0.1,0.739965217459279,0.839965217459279,0.999999999714581
"botrytis_gerbera",82,0.1,0.739965217459279,0.839965217459279,0.999999999794458
"botrytis_gerbera",83,0.1,0.739965217459279,0.839965217459279,0.999999999852057
"botrytis_gerbera",84,0.1,0.739965217459279,0.839965217459279,0.99999999989357
"botrytis_gerbera",85,0.1,0.739965217459279,0.839965217459279,0.999999999923473
"botrytis_gerbera",86,0.1,0.739965217459279,0.839965217459279,0.999999999945001
"botrytis_gerbera",87,0.1,0.739965217459279,0.839965217459279,0.999999999960492
"botrytis_gerbera",88,0.1,0.739965217459279,0.839965217459279,0.999999999971634
"botrytis_gerbera",89,0.1,0.739965217459279,0.839965217459279,0.999999999979643
"botrytis_gerbera",90,0.1,0.739965217459279,0.839965217459279,0.999999999985397
"botrytis_gerbera",91,0.1,0.739965217459279,0.839965217459279,0.99999999998953
"botrytis_gerbera",92,0.1,0.739965217459279,0.839965217459279,0.999999999992496
"botrytis_gerbera",93,0.1,0.739965217459279,0.839965217459279,0.999999999994625
"botrytis_gerbera",94,0.1,0.739965217459279,0.839965217459279,0.999999999996151
"botrytis_gerbera",95,0.1,0.739965217459279,0.839965217459279,0.999999999997245
"botrytis_gerbera",96,0.1,0.739965217459279,0.839965217459279,0.999999999998029
"botrytis_gerbera",97,0.1,0.739965217459279,0.839965217459279,0.99999999999859
"botrytis_gerbera",98,0.1,0.739965217459279,0.839965217459279,0.999999999998992
"botrytis_gerbera",99,0.1,0.739965217459279,0.839965217459279,0.99999999999928
"botrytis_gerbera",100,0.1,0.739965217459279,0.839965217459279,0.999999999999486
"botrytis_gerbera",101,0.1,0.739965217459279,0.839965217459279,0.999999999999633
"botrytis_gerbera",102,0.1,0.739965217459279,0.839965217459279,0.999999999999738
"botrytis_gerbera",103,0.1,0.739965217459279,0.839965217459279,0.999999999999813
"botrytis_gerbera",104,0.1,0.739965217459279,0.839965217459279,0.999999999999867
"botrytis_gerbera",105,0.1,0.739965217459279,0.839965217459279,0.999999999999905
"botrytis_gerbera",106,0.1,0.739965217459279,0.839965217459279,0.999999999999932
"botrytis_gerbera",107,0.1,0.739965217459279,0.839965217459279,0.999999999999952
"botrytis_gerbera",108,0.1,0.739965217459279,0.839965217459279,0.999999999999966
"botrytis_gerbera",109,0.1,0.739965217459279,0.839965217459279,0.999999999999976
"botrytis_gerbera",110,0.1,0.739965217459279,0.839965217459279,0.999999999999983
"botrytis_gerbera",111,0.1,0.739965217459279,0.839965217459279,0.999999999999988
"botrytis_gerbera",112,0.1,0.739965217459279,0.839965217459279,0.999999999999991
"botrytis_gerbera",113,0.1,0.739965217459279,0.839965217459279,0.999999999999994
"botrytis_gerbera",114,0.1,0.739965217459279,0.839965217459279,0.999999999999996
"botrytis_gerbera",115,0.1,0.739965217459279,0.839965217459279,0.999999999999997
"botrytis_gerbera",116,0.1,0.739965217459279,0.839965217459279,0.999999999999998
"botrytis_gerbera",117,0.1,0.739965217459279,0.839965217459279,0.999999999999998
"botrytis_gerbera",118,0.1,0.739965217459279,0.839965217459279,0.999999999999999
"botrytis_gerbera",119,0.1,0.739965217459279,0.839965217459279,0.999999999999999
"botrytis_gerbera",120,0.1,0.739965217459279,0.839965217459279,0.999999999999999
"botrytis_gerbera",121,0.1,0.739965217459279,0.839965217459279,1
"botrytis_gerbera",122,0.1,0.739965217459279,0.839965217459279,1
"botrytis_gerbera",123,0.1,0.739965217459279,0.839965217459279,1
"botrytis_gerbera",124,0.1,0.739965217459279,0.839965217459279,1
"botrytis_gerbera",125,0.1,0.739965217459279,0.839965217459279,1
"botrytis_gerbera",126,0.1,0.739965217459279,0.839965217459279,1
"botrytis_gerbera",127,0.1,0.739965217459279,0.839965217459279,1
"botrytis_gerbera",128,0.1,0.739965217459279,0.839965217459279,1
"botrytis_gerbera",129,0.1,0.739965217459279,0.839965217459279,1
"botrytis_gerbera",130,0.1,0.739965217459279,0.839965217459279,1
"botrytis_gerbera",2,0.15,0.739965217459279,0.889965217459279,0.141282834567017
"botrytis_gerbera",3,0.15,0.739965217459279,0.889965217459279,0.346182058571494
"botrytis_gerbera",4,0.15,0.739965217459279,0.889965217459279,0.580887474787381
"botrytis_gerbera",5,0.15,0.739965217459279,0.889965217459279,0.761312594664743
"botrytis_gerbera",6,0.15,0.739965217459279,0.889965217459279,0.874449764280537
"botrytis_gerbera",7,0.15,0.739965217459279,0.889965217459279,0.937594614790182
"botrytis_gerbera",8,0.15,0.739965217459279,0.889965217459279,0.970279082212421
"botrytis_gerbera",9,0.15,0.739965217459279,0.889965217459279,0.986315494006592
"botrytis_gerbera",10,0.15,0.739965217459279,0.889965217459279,0.993870946201231
"botrytis_gerbera",11,0.15,0.739965217459279,0.889965217459279,0.997317864369427
"botrytis_gerbera",12,0.15,0.739965217459279,0.889965217459279,0.998849370823786
"botrytis_gerbera",13,0.15,0.739965217459279,0.889965217459279,0.999514850443763
"botrytis_gerbera",14,0.15,0.739965217459279,0.889965217459279,0.999798539539798
"botrytis_gerbera",15,0.15,0.739965217459279,0.889965217459279,0.999917472513122
"botrytis_gerbera",16,0.15,0.739965217459279,0.889965217459279,0.999966603798328
"botrytis_gerbera",17,0.15,0.739965217459279,0.889965217459279,0.999986634542657
"botrytis_gerbera",18,0.15,0.739965217459279,0.889965217459279,0.999994704804219
"botrytis_gerbera",19,0.15,0.739965217459279,0.889965217459279,0.999997921477576
"botrytis_gerbera",20,0.15,0.739965217459279,0.889965217459279,0.999999191060058
"botrytis_gerbera",21,0.15,0.739965217459279,0.889965217459279,0.999999687650024
"botrytis_gerbera",22,0.15,0.739965217459279,0.889965217459279,0.999999880278564
"botrytis_gerbera",23,0.15,0.739965217459279,0.889965217459279,0.999999954425525
"botrytis_gerbera",24,0.15,0.739965217459279,0.889965217459279,0.999999982762253
"botrytis_gerbera",25,0.15,0.739965217459279,0.889965217459279,0.999999993519315
"botrytis_gerbera",26,0.15,0.739965217459279,0.889965217459279,0.99999999757732
"botrytis_gerbera",27,0.15,0.739965217459279,0.889965217459279,0.999999999099166
"botrytis_gerbera",28,0.15,0.739965217459279,0.889965217459279,0.999999999666732
"botrytis_gerbera",29,0.15,0.739965217459279,0.889965217459279,0.999999999877299
"botrytis_gerbera",30,0.15,0.739965217459279,0.889965217459279,0.99999999995503
"botrytis_gerbera",31,0.15,0.739965217459279,0.889965217459279,0.999999999983589
"botrytis_gerbera",32,0.15,0.739965217459279,0.889965217459279,0.999999999994036
"botrytis_gerbera",33,0.15,0.739965217459279,0.889965217459279,0.999999999997841
"botrytis_gerbera",34,0.15,0.739965217459279,0.889965217459279,0.999999999999222
"botrytis_gerbera",35,0.15,0.739965217459279,0.889965217459279,0.99999999999972
"botrytis_gerbera",36,0.15,0.739965217459279,0.889965217459279,0.9999999999999
"botrytis_gerbera",37,0.15,0.739965217459279,0.889965217459279,0.999999999999964
"botrytis_gerbera",38,0.15,0.739965217459279,0.889965217459279,0.999999999999987
"botrytis_gerbera",39,0.15,0.739965217459279,0.889965217459279,0.999999999999996
"botrytis_gerbera",40,0.15,0.739965217459279,0.889965217459279,0.999999999999998
"botrytis_gerbera",41,0.15,0.739965217459279,0.889965217459279,0.999999999999999
"botrytis_gerbera",42,0.15,0.739965217459279,0.889965217459279,1
"botrytis_gerbera",43,0.15,0.739965217459279,0.889965217459279,1
"botrytis_gerbera",44,0.15,0.739965217459279,0.889965217459279,1
"botrytis_gerbera",45,0.15,0.739965217459279,0.889965217459279,1
"botrytis_gerbera",46,0.15,0.739965217459279,0.889965217459279,1
"botrytis_gerbera",47,0.15,0.739965217459279,0.889965217459279,1
"botrytis_gerbera",48,0.15,0.739965217459279,0.889965217459279,1
"botrytis_gerbera",49,0.15,0.739965217459279,0.889965217459279,1
"botrytis_gerbera",50,0.15,0.739965217459279,0.889965217459279,1
"botrytis_gerbera",51,0.15,0.739965217459279,0.889965217459279,1
"botrytis_gerbera",52,0.15,0.739965217459279,0.889965217459279,1
"botrytis_gerbera",53,0.15,0.739965217459279,0.889965217459279,1
"botrytis_gerbera",54,0.15,0.739965217459279,0.889965217459279,1
"botrytis_gerbera",55,0.15,0.739965217459279,0.889965217459279,1
"botrytis_gerbera",56,0.15,0.739965217459279,0.889965217459279,1
"botrytis_gerbera",57,0.15,0.739965217459279,0.889965217459279,1
"botrytis_gerbera",58,0.15,0.739965217459279,0.889965217459279,1
"botrytis_gerbera",59,0.15,0.739965217459279,0.889965217459279,1
"botrytis_gerbera",60,0.15,0.739965217459279,0.889965217459279,1
"botrytis_gerbera",61,0.15,0.739965217459279,0.889965217459279,1
"botrytis_gerbera",62,0.15,0.739965217459279,0.889965217459279,1
"botrytis_gerbera",63,0.15,0.739965217459279,0.889965217459279,1
"botrytis_gerbera",64,0.15,0.739965217459279,0.889965217459279,1
"botrytis_gerbera",65,0.15,0.739965217459279,0.889965217459279,1
"botrytis_gerbera",66,0.15,0.739965217459279,0.889965217459279,1
"botrytis_gerbera",67,0.15,0.739965217459279,0.889965217459279,1
"botrytis_gerbera",68,0.15,0.739965217459279,0.889965217459279,1
"botrytis_gerbera",69,0.15,0.739965217459279,0.889965217459279,1
"botrytis_gerbera",70,0.15,0.739965217459279,0.889965217459279,1
"botrytis_gerbera",71,0.15,0.739965217459279,0.889965217459279,1
"botrytis_gerbera",72,0.15,0.739965217459279,0.889965217459279,1
"botrytis_gerbera",73,0.15,0.739965217459279,0.889965217459279,1
"botrytis_gerbera",74,0.15,0.739965217459279,0.889965217459279,1
"botrytis_gerbera",75,0.15,0.739965217459279,0.889965217459279,1
"botrytis_gerbera",76,0.15,0.739965217459279,0.889965217459279,1
"botrytis_gerbera",77,0.15,0.739965217459279,0.889965217459279,1
"botrytis_gerbera",78,0.15,0.739965217459279,0.889965217459279,1
"botrytis_gerbera",79,0.15,0.739965217459279,0.889965217459279,1
"botrytis_gerbera",80,0.15,0.739965217459279,0.889965217459279,1
"botrytis_gerbera",81,0.15,0.739965217459279,0.889965217459279,1
"botrytis_gerbera",82,0.15,0.739965217459279,0.889965217459279,1
"botrytis_gerbera",83,0.15,0.739965217459279,0.889965217459279,1
"botrytis_gerbera",84,0.15,0.739965217459279,0.889965217459279,1
"botrytis_gerbera",85,0.15,0.739965217459279,0.889965217459279,1
"botrytis_gerbera",86,0.15,0.739965217459279,0.889965217459279,1
"botrytis_gerbera",87,0.15,0.739965217459279,0.889965217459279,1
"botrytis_gerbera",88,0.15,0.739965217459279,0.889965217459279,1
"botrytis_gerbera",89,0.15,0.739965217459279,0.889965217459279,1
"botrytis_gerbera",90,0.15,0.739965217459279,0.889965217459279,1
"botrytis_gerbera",91,0.15,0.739965217459279,0.889965217459279,1
"botrytis_gerbera",92,0.15,0.739965217459279,0.889965217459279,1
"botrytis_gerbera",93,0.15,0.739965217459279,0.889965217459279,1
"botrytis_gerbera",94,0.15,0.739965217459279,0.889965217459279,1
"botrytis_gerbera",95,0.15,0.739965217459279,0.889965217459279,1
"botrytis_gerbera",96,0.15,0.739965217459279,0.889965217459279,1
"botrytis_gerbera",97,0.15,0.739965217459279,0.889965217459279,1
"botrytis_gerbera",98,0.15,0.739965217459279,0.889965217459279,1
"botrytis_gerbera",99,0.15,0.739965217459279,0.889965217459279,1
"botrytis_gerbera",100,0.15,0.739965217459279,0.889965217459279,1
"botrytis_gerbera",101,0.15,0.739965217459279,0.889965217459279,1
"botrytis_gerbera",102,0.15,0.739965217459279,0.889965217459279,1
"botrytis_gerbera",103,0.15,0.739965217459279,0.889965217459279,1
"botrytis_gerbera",104,0.15,0.739965217459279,0.889965217459279,1
"botrytis_gerbera",105,0.15,0.739965217459279,0.889965217459279,1
"botrytis_gerbera",106,0.15,0.739965217459279,0.889965217459279,1
"botrytis_gerbera",107,0.15,0.739965217459279,0.889965217459279,1
"botrytis_gerbera",108,0.15,0.739965217459279,0.889965217459279,1
"botrytis_gerbera",109,0.15,0.739965217459279,0.889965217459279,1
"botrytis_gerbera",110,0.15,0.739965217459279,0.889965217459279,1
"botrytis_gerbera",111,0.15,0.739965217459279,0.889965217459279,1
"botrytis_gerbera",112,0.15,0.739965217459279,0.889965217459279,1
"botrytis_gerbera",113,0.15,0.739965217459279,0.889965217459279,1
"botrytis_gerbera",114,0.15,0.739965217459279,0.889965217459279,1
"botrytis_gerbera",115,0.15,0.739965217459279,0.889965217459279,1
"botrytis_gerbera",116,0.15,0.739965217459279,0.889965217459279,1
"botrytis_gerbera",117,0.15,0.739965217459279,0.889965217459279,1
"botrytis_gerbera",118,0.15,0.739965217459279,0.889965217459279,1
"botrytis_gerbera",119,0.15,0.739965217459279,0.889965217459279,1
"botrytis_gerbera",120,0.15,0.739965217459279,0.889965217459279,1
"botrytis_gerbera",121,0.15,0.739965217459279,0.889965217459279,1
"botrytis_gerbera",122,0.15,0.739965217459279,0.889965217459279,1
"botrytis_gerbera",123,0.15,0.739965217459279,0.889965217459279,1
"botrytis_gerbera",124,0.15,0.739965217459279,0.889965217459279,1
"botrytis_gerbera",125,0.15,0.739965217459279,0.889965217459279,1
"botrytis_gerbera",126,0.15,0.739965217459279,0.889965217459279,1
"botrytis_gerbera",127,0.15,0.739965217459279,0.889965217459279,1
"botrytis_gerbera",128,0.15,0.739965217459279,0.889965217459279,1
"botrytis_gerbera",129,0.15,0.739965217459279,0.889965217459279,1
"botrytis_gerbera",130,0.15,0.739965217459279,0.889965217459279,1
"botrytis_gerbera",2,0.2,0.739965217459279,0.939965217459279,0.232959193983318
"botrytis_gerbera",3,0.2,0.739965217459279,0.939965217459279,0.665060117049973
"botrytis_gerbera",4,0.2,0.739965217459279,0.939965217459279,0.928863333415111
"botrytis_gerbera",5,0.2,0.739965217459279,0.939965217459279,0.990461555342632
"botrytis_gerbera",6,0.2,0.739965217459279,0.939965217459279,0.999022836406274
"botrytis_gerbera",7,0.2,0.739965217459279,0.939965217459279,0.999915428067413
"botrytis_gerbera",8,0.2,0.739965217459279,0.939965217459279,0.99999347313495
"botrytis_gerbera",9,0.2,0.739965217459279,0.939965217459279,0.999999536588248
"botrytis_gerbera",10,0.2,0.739965217459279,0.939965217459279,0.999999969135407
"botrytis_gerbera",11,0.2,0.739965217459279,0.939965217459279,0.999999998046611
"botrytis_gerbera",12,0.2,0.739965217459279,0.939965217459279,0.999999999881472
"botrytis_gerbera",13,0.2,0.739965217459279,0.939965217459279,0.99999999999306
"botrytis_gerbera",14,0.2,0.739965217459279,0.939965217459279,0.999999999999606
"botrytis_gerbera",15,0.2,0.739965217459279,0.939965217459279,0.999999999999978
"botrytis_gerbera",16,0.2,0.739965217459279,0.939965217459279,0.999999999999999
"botrytis_gerbera",17,0.2,0.739965217459279,0.939965217459279,1
"botrytis_gerbera",18,0.2,0.739965217459279,0.939965217459279,1
"botrytis_gerbera",19,0.2,0.739965217459279,0.939965217459279,1
"botrytis_gerbera",20,0.2,0.739965217459279,0.939965217459279,1
"botrytis_gerbera",21,0.2,0.739965217459279,0.939965217459279,1
"botrytis_gerbera",22,0.2,0.739965217459279,0.939965217459279,1
"botrytis_gerbera",23,0.2,0.739965217459279,0.939965217459279,1
"botrytis_gerbera",24,0.2,0.739965217459279,0.939965217459279,1
"botrytis_gerbera",25,0.2,0.739965217459279,0.939965217459279,1
"botrytis_gerbera",26,0.2,0.739965217459279,0.939965217459279,1
"botrytis_gerbera",27,0.2,0.739965217459279,0.939965217459279,1
"botrytis_gerbera",28,0.2,0.739965217459279,0.939965217459279,1
"botrytis_gerbera",29,0.2,0.739965217459279,0.939965217459279,1
"botrytis_gerbera",30,0.2,0.739965217459279,0.939965217459279,1
"botrytis_gerbera",31,0.2,0.739965217459279,0.939965217459279,1
"botrytis_gerbera",32,0.2,0.739965217459279,0.939965217459279,1
"botrytis_gerbera",33,0.2,0.739965217459279,0.939965217459279,1
"botrytis_gerbera",34,0.2,0.739965217459279,0.939965217459279,1
"botrytis_gerbera",35,0.2,0.739965217459279,0.939965217459279,1
"botrytis_gerbera",36,0.2,0.739965217459279,0.939965217459279,1
"botrytis_gerbera",37,0.2,0.739965217459279,0.939965217459279,1
"botrytis_gerbera",38,0.2,0.739965217459279,0.939965217459279,1
"botrytis_gerbera",39,0.2,0.739965217459279,0.939965217459279,1
"botrytis_gerbera",40,0.2,0.739965217459279,0.939965217459279,1
"botrytis_gerbera",41,0.2,0.739965217459279,0.939965217459279,1
"botrytis_gerbera",42,0.2,0.739965217459279,0.939965217459279,1
"botrytis_gerbera",43,0.2,0.739965217459279,0.939965217459279,1
"botrytis_gerbera",44,0.2,0.739965217459279,0.939965217459279,1
"botrytis_gerbera",45,0.2,0.739965217459279,0.939965217459279,1
"botrytis_gerbera",46,0.2,0.739965217459279,0.939965217459279,1
"botrytis_gerbera",47,0.2,0.739965217459279,0.939965217459279,1
"botrytis_gerbera",48,0.2,0.739965217459279,0.939965217459279,1
"botrytis_gerbera",49,0.2,0.739965217459279,0.939965217459279,1
"botrytis_gerbera",50,0.2,0.739965217459279,0.939965217459279,1
"botrytis_gerbera",51,0.2,0.739965217459279,0.939965217459279,1
"botrytis_gerbera",52,0.2,0.739965217459279,0.939965217459279,1
"botrytis_gerbera",53,0.2,0.739965217459279,0.939965217459279,1
"botrytis_gerbera",54,0.2,0.739965217459279,0.939965217459279,1
"botrytis_gerbera",55,0.2,0.739965217459279,0.939965217459279,1
"botrytis_gerbera",56,0.2,0.739965217459279,0.939965217459279,1
"botrytis_gerbera",57,0.2,0.739965217459279,0.939965217459279,1
"botrytis_gerbera",58,0.2,0.739965217459279,0.939965217459279,1
"botrytis_gerbera",59,0.2,0.739965217459279,0.939965217459279,1
"botrytis_gerbera",60,0.2,0.739965217459279,0.939965217459279,1
"botrytis_gerbera",61,0.2,0.739965217459279,0.939965217459279,1
"botrytis_gerbera",62,0.2,0.739965217459279,0.939965217459279,1
"botrytis_gerbera",63,0.2,0.739965217459279,0.939965217459279,1
"botrytis_gerbera",64,0.2,0.739965217459279,0.939965217459279,1
"botrytis_gerbera",65,0.2,0.739965217459279,0.939965217459279,1
"botrytis_gerbera",66,0.2,0.739965217459279,0.939965217459279,1
"botrytis_gerbera",67,0.2,0.739965217459279,0.939965217459279,1
"botrytis_gerbera",68,0.2,0.739965217459279,0.939965217459279,1
"botrytis_gerbera",69,0.2,0.739965217459279,0.939965217459279,1
"botrytis_gerbera",70,0.2,0.739965217459279,0.939965217459279,1
"botrytis_gerbera",71,0.2,0.739965217459279,0.939965217459279,1
"botrytis_gerbera",72,0.2,0.739965217459279,0.939965217459279,1
"botrytis_gerbera",73,0.2,0.739965217459279,0.939965217459279,1
"botrytis_gerbera",74,0.2,0.739965217459279,0.939965217459279,1
"botrytis_gerbera",75,0.2,0.739965217459279,0.939965217459279,1
"botrytis_gerbera",76,0.2,0.739965217459279,0.939965217459279,1
"botrytis_gerbera",77,0.2,0.739965217459279,0.939965217459279,1
"botrytis_gerbera",78,0.2,0.739965217459279,0.939965217459279,1
"botrytis_gerbera",79,0.2,0.739965217459279,0.939965217459279,1
"botrytis_gerbera",80,0.2,0.739965217459279,0.939965217459279,1
"botrytis_gerbera",81,0.2,0.739965217459279,0.939965217459279,1
"botrytis_gerbera",82,0.2,0.739965217459279,0.939965217459279,1
"botrytis_gerbera",83,0.2,0.739965217459279,0.939965217459279,1
"botrytis_gerbera",84,0.2,0.739965217459279,0.939965217459279,1
"botrytis_gerbera",85,0.2,0.739965217459279,0.939965217459279,1
"botrytis_gerbera",86,0.2,0.739965217459279,0.939965217459279,1
"botrytis_gerbera",87,0.2,0.739965217459279,0.939965217459279,1
"botrytis_gerbera",88,0.2,0.739965217459279,0.939965217459279,1
"botrytis_gerbera",89,0.2,0.739965217459279,0.939965217459279,1
"botrytis_gerbera",90,0.2,0.739965217459279,0.939965217459279,1
"botrytis_gerbera",91,0.2,0.739965217459279,0.939965217459279,1
"botrytis_gerbera",92,0.2,0.739965217459279,0.939965217459279,1
"botrytis_gerbera",93,0.2,0.739965217459279,0.939965217459279,1
"botrytis_gerbera",94,0.2,0.739965217459279,0.939965217459279,1
"botrytis_gerbera",95,0.2,0.739965217459279,0.939965217459279,1
"botrytis_gerbera",96,0.2,0.739965217459279,0.939965217459279,1
"botrytis_gerbera",97,0.2,0.739965217459279,0.939965217459279,1
"botrytis_gerbera",98,0.2,0.739965217459279,0.939965217459279,1
"botrytis_gerbera",99,0.2,0.739965217459279,0.939965217459279,1
"botrytis_gerbera",100,0.2,0.739965217459279,0.939965217459279,1
"botrytis_gerbera",101,0.2,0.739965217459279,0.939965217459279,1
"botrytis_gerbera",102,0.2,0.739965217459279,0.939965217459279,1
"botrytis_gerbera",103,0.2,0.739965217459279,0.939965217459279,1
"botrytis_gerbera",104,0.2,0.739965217459279,0.939965217459279,1
"botrytis_gerbera",105,0.2,0.739965217459279,0.939965217459279,1
"botrytis_gerbera",106,0.2,0.739965217459279,0.939965217459279,1
"botrytis_gerbera",107,0.2,0.739965217459279,0.939965217459279,1
"botrytis_gerbera",108,0.2,0.739965217459279,0.939965217459279,1
"botrytis_gerbera",109,0.2,0.739965217459279,0.939965217459279,1
"botrytis_gerbera",110,0.2,0.739965217459279,0.939965217459279,1
"botrytis_gerbera",111,0.2,0.739965217459279,0.939965217459279,1
"botrytis_gerbera",112,0.2,0.739965217459279,0.939965217459279,1
"botrytis_gerbera",113,0.2,0.739965217459279,0.939965217459279,1
"botrytis_gerbera",114,0.2,0.739965217459279,0.939965217459279,1
"botrytis_gerbera",115,0.2,0.739965217459279,0.939965217459279,1
"botrytis_gerbera",116,0.2,0.739965217459279,0.939965217459279,1
"botrytis_gerbera",117,0.2,0.739965217459279,0.939965217459279,1
"botrytis_gerbera",118,0.2,0.739965217459279,0.939965217459279,1
"botrytis_gerbera",119,0.2,0.739965217459279,0.939965217459279,1
"botrytis_gerbera",120,0.2,0.739965217459279,0.939965217459279,1
"botrytis_gerbera",121,0.2,0.739965217459279,0.939965217459279,1
"botrytis_gerbera",122,0.2,0.739965217459279,0.939965217459279,1
"botrytis_gerbera",123,0.2,0.739965217459279,0.939965217459279,1
"botrytis_gerbera",124,0.2,0.739965217459279,0.939965217459279,1
"botrytis_gerbera",125,0.2,0.739965217459279,0.939965217459279,1
"botrytis_gerbera",126,0.2,0.739965217459279,0.939965217459279,1
"botrytis_gerbera",127,0.2,0.739965217459279,0.939965217459279,1
"botrytis_gerbera",128,0.2,0.739965217459279,0.939965217459279,1
"botrytis_gerbera",129,0.2,0.739965217459279,0.939965217459279,1
"botrytis_gerbera",130,0.2,0.739965217459279,0.939965217459279,1
"brown_spot",2,0.05,0.533100225835381,0.583100225835381,0.053032151929032
"brown_spot",3,0.05,0.533100225835381,0.583100225835381,0.0585096538155941
"brown_spot",4,0.05,0.533100225835381,0.583100225835381,0.0650551503092437
"brown_spot",5,0.05,0.533100225835381,0.583100225835381,0.0719963914149543
"brown_spot",6,0.05,0.533100225835381,0.583100225835381,0.0791178564201506
"brown_spot",7,0.05,0.533100225835381,0.583100225835381,0.086342548645433
"brown_spot",8,0.05,0.533100225835381,0.583100225835381,0.0936377076022565
"brown_spot",9,0.05,0.533100225835381,0.583100225835381,0.100986807680739
"brown_spot",10,0.05,0.533100225835381,0.583100225835381,0.108380081877491
"brown_spot",11,0.05,0.533100225835381,0.583100225835381,0.115810890802805
"brown_spot",12,0.05,0.533100225835381,0.583100225835381,0.123274180070637
"brown_spot",13,0.05,0.533100225835381,0.583100225835381,0.130765767131966
"brown_spot",14,0.05,0.533100225835381,0.583100225835381,0.138281987720044
"brown_spot",15,0.05,0.533100225835381,0.583100225835381,0.14581951000016
"brown_spot",16,0.05,0.533100225835381,0.583100225835381,0.153375231835404
"brown_spot",17,0.05,0.533100225835381,0.583100225835381,0.160946221436983
"brown_spot",18,0.05,0.533100225835381,0.583100225835381,0.168529681682864
"brown_spot",19,0.05,0.533100225835381,0.583100225835381,0.176122927851963
"brown_spot",20,0.05,0.533100225835381,0.583100225835381,0.183723373220232
"brown_spot",21,0.05,0.533100225835381,0.583100225835381,0.191328519400904
"brown_spot",22,0.05,0.533100225835381,0.583100225835381,0.198935949622835
"brown_spot",23,0.05,0.533100225835381,0.583100225835381,0.206543323869807
"brown_spot",24,0.05,0.533100225835381,0.583100225835381,0.214148375230639
"brown_spot",25,0.05,0.533100225835381,0.583100225835381,0.22174890703353
"brown_spot",26,0.05,0.533100225835381,0.583100225835381,0.229342790523931
"brown_spot",27,0.05,0.533100225835381,0.583100225835381,0.236927962901698
"brown_spot",28,0.05,0.533100225835381,0.583100225835381,0.244502425611431
"brown_spot",29,0.05,0.533100225835381,0.583100225835381,0.252064242810421
"brown_spot",30,0.05,0.533100225835381,0.583100225835381,0.259611539963541
"brown_spot",31,0.05,0.533100225835381,0.583100225835381,0.26714250253046
"brown_spot",32,0.05,0.533100225835381,0.583100225835381,0.274655374721081
"brown_spot",33,0.05,0.533100225835381,0.583100225835381,0.282148458302481
"brown_spot",34,0.05,0.533100225835381,0.583100225835381,0.289620111445526
"brown_spot",35,0.05,0.533100225835381,0.583100225835381,0.29706874760277
"brown_spot",36,0.05,0.533100225835381,0.583100225835381,0.304492834411708
"brown_spot",37,0.05,0.533100225835381,0.583100225835381,0.31189089261915
"brown_spot",38,0.05,0.533100225835381,0.583100225835381,0.319261495022511
"brown_spot",39,0.05,0.533100225835381,0.583100225835381,0.326603265432238
"brown_spot",40,0.05,0.533100225835381,0.583100225835381,0.3339148776386
"brown_spot",41,0.05,0.533100225835381,0.583100225835381,0.341195054401273
"brown_spot",42,0.05,0.533100225835381,0.583100225835381,0.348442566446838
"brown_spot",43,0.05,0.533100225835381,0.583100225835381,0.355656231479095
"brown_spot",44,0.05,0.533100225835381,0.583100225835381,0.362834913201021
"brown_spot",45,0.05,0.533100225835381,0.583100225835381,0.369977520348048
"brown_spot",46,0.05,0.533100225835381,0.583100225835381,0.377083005732656
"brown_spot",47,0.05,0.533100225835381,0.583100225835381,0.384150365300099
"brown_spot",48,0.05,0.533100225835381,0.583100225835381,0.391178637195294
"brown_spot",49,0.05,0.533100225835381,0.583100225835381,0.398166900840872
"brown_spot",50,0.05,0.533100225835381,0.583100225835381,0.405114276026432
"brown_spot",51,0.05,0.533100225835381,0.583100225835381,0.412019922009036
"brown_spot",52,0.05,0.533100225835381,0.583100225835381,0.418883036624965
"brown_spot",53,0.05,0.533100225835381,0.583100225835381,0.425702855412837
"brown_spot",54,0.05,0.533100225835381,0.583100225835381,0.43247865074816
"brown_spot",55,0.05,0.533100225835381,0.583100225835381,0.439209730989295
"brown_spot",56,0.05,0.533100225835381,0.583100225835381,0.445895439634915
"brown_spot",57,0.05,0.533100225835381,0.583100225835381,0.452535154493078
"brown_spot",58,0.05,0.533100225835381,0.583100225835381,0.459128286860913
"brown_spot",59,0.05,0.533100225835381,0.583100225835381,0.465674280720307
"brown_spot",60,0.05,0.533100225835381,0.583100225835381,0.472172611936847
"brown_spot",61,0.05,0.533100225835381,0.583100225835381,0.478622787478527
"brown_spot",62,0.05,0.533100225835381,0.583100225835381,0.485024344642166
"brown_spot",63,0.05,0.533100225835381,0.583100225835381,0.491376850292358
"brown_spot",64,0.05,0.533100225835381,0.583100225835381,0.497679900112015
"brown_spot",65,0.05,0.533100225835381,0.583100225835381,0.503933117864527
"brown_spot",66,0.05,0.533100225835381,0.583100225835381,0.510136154667723
"brown_spot",67,0.05,0.533100225835381,0.583100225835381,0.5162886882793
"brown_spot",68,0.05,0.533100225835381,0.583100225835381,0.522390422393898
"brown_spot",69,0.05,0.533100225835381,0.583100225835381,0.528441085951686
"brown_spot",70,0.05,0.533100225835381,0.583100225835381,0.534440432458606
"brown_spot",71,0.05,0.533100225835381,0.583100225835381,0.540388239317855
"brown_spot",72,0.05,0.533100225835381,0.583100225835381,0.546284307172893
"brown_spot",73,0.05,0.533100225835381,0.583100225835381,0.552128459261856
"brown_spot",74,0.05,0.533100225835381,0.583100225835381,0.557920540783085
"brown_spot",75,0.05,0.533100225835381,0.583100225835381,0.56366041827212
"brown_spot",76,0.05,0.533100225835381,0.583100225835381,0.569347978989519
"brown_spot",77,0.05,0.533100225835381,0.583100225835381,0.574983130320061
"brown_spot",78,0.05,0.533100225835381,0.583100225835381,0.580565799182605
"brown_spot",79,0.05,0.533100225835381,0.583100225835381,0.586095931451306
"brown_spot",80,0.05,0.533100225835381,0.583100225835381,0.591573491387092
"brown_spot",81,0.05,0.533100225835381,0.583100225835381,0.596998461080375
"brown_spot",82,0.05,0.533100225835381,0.583100225835381,0.602370839903934
"brown_spot",83,0.05,0.533100225835381,0.583100225835381,0.607690643976793
"brown_spot",84,0.05,0.533100225835381,0.583100225835381,0.612957905638149
"brown_spot",85,0.05,0.533100225835381,0.583100225835381,0.618172672931766
"brown_spot",86,0.05,0.533100225835381,0.583100225835381,0.623335009099811
"brown_spot",87,0.05,0.533100225835381,0.583100225835381,0.628444992091033
"brown_spot",88,0.05,0.533100225835381,0.583100225835381,0.633502714070403
"brown_spot",89,0.05,0.533100225835381,0.583100225835381,0.638508280947154
"brown_spot",90,0.05,0.533100225835381,0.583100225835381,0.643461811908406
"brown_spot",91,0.05,0.533100225835381,0.583100225835381,0.648363438963319
"brown_spot",92,0.05,0.533100225835381,0.583100225835381,0.653213306496677
"brown_spot",93,0.05,0.533100225835381,0.583100225835381,0.658011570832158
"brown_spot",94,0.05,0.533100225835381,0.583100225835381,0.66275839980488
"brown_spot",95,0.05,0.533100225835381,0.583100225835381,0.667453972342759
"brown_spot",96,0.05,0.533100225835381,0.583100225835381,0.672098478057617
"brown_spot",97,0.05,0.533100225835381,0.583100225835381,0.676692116844749
"brown_spot",98,0.05,0.533100225835381,0.583100225835381,0.681235098491614
"brown_spot",99,0.05,0.533100225835381,0.583100225835381,0.685727642295212
"brown_spot",100,0.05,0.533100225835381,0.583100225835381,0.690169976687727
"brown_spot",101,0.05,0.533100225835381,0.583100225835381,0.694562338871547
"brown_spot",102,0.05,0.533100225835381,0.583100225835381,0.698904974461364
"brown_spot",103,0.05,0.533100225835381,0.583100225835381,0.703198137135916
"brown_spot",104,0.05,0.533100225835381,0.583100225835381,0.707442088296678
"brown_spot",105,0.05,0.533100225835381,0.583100225835381,0.71163709673526
"brown_spot",106,0.05,0.533100225835381,0.583100225835381,0.715783438308558
"brown_spot",107,0.05,0.533100225835381,0.583100225835381,0.719881395621396
"brown_spot",108,0.05,0.533100225835381,0.583100225835381,0.723931257717221
"brown_spot",109,0.05,0.533100225835381,0.583100225835381,0.727933319775881
"brown_spot",110,0.05,0.533100225835381,0.583100225835381,0.731887882819324
"brown_spot",111,0.05,0.533100225835381,0.583100225835381,0.735795253423971
"brown_spot",112,0.05,0.533100225835381,0.583100225835381,0.73965574344089
"brown_spot",113,0.05,0.533100225835381,0.583100225835381,0.743469669722332
"brown_spot",114,0.05,0.533100225835381,0.583100225835381,0.747237353856053
"brown_spot",115,0.05,0.533100225835381,0.583100225835381,0.750959121905347
"brown_spot",116,0.05,0.533100225835381,0.583100225835381,0.754635304156956
"brown_spot",117,0.05,0.533100225835381,0.583100225835381,0.758266234874595
"brown_spot",118,0.05,0.533100225835381,0.583100225835381,0.761852252059401
"brown_spot",119,0.05,0.533100225835381,0.583100225835381,0.765393697216857
"brown_spot",120,0.05,0.533100225835381,0.583100225835381,0.768890915129367
"brown_spot",121,0.05,0.533100225835381,0.583100225835381,0.772344253635866
"brown_spot",122,0.05,0.533100225835381,0.583100225835381,0.775754063416246
"brown_spot",123,0.05,0.533100225835381,0.583100225835381,0.779120697782111
"brown_spot",124,0.05,0.533100225835381,0.583100225835381,0.782444512476475
"brown_spot",125,0.05,0.533100225835381,0.583100225835381,0.785725865471562
"brown_spot",126,0.05,0.533100225835381,0.583100225835381,0.788965116779876
"brown_spot",127,0.05,0.533100225835381,0.583100225835381,0.792162628267262
"brown_spot",128,0.05,0.533100225835381,0.583100225835381,0.79531876347112
"brown_spot",129,0.05,0.533100225835381,0.583100225835381,0.798433887425355
"brown_spot",130,0.05,0.533100225835381,0.583100225835381,0.801508366489032
"brown_spot",2,0.1,0.533100225835381,0.633100225835381,0.0628391196710083
"brown_spot",3,0.1,0.533100225835381,0.633100225835381,0.0867106752850925
"brown_spot",4,0.1,0.533100225835381,0.633100225835381,0.116041388343526
"brown_spot",5,0.1,0.533100225835381,0.633100225835381,0.147631897221605
"brown_spot",6,0.1,0.533100225835381,0.633100225835381,0.180231667357975
"brown_spot",7,0.1,0.533100225835381,0.633100225835381,0.213252543405466
"brown_spot",8,0.1,0.533100225835381,0.633100225835381,0.246346561889802
"brown_spot",9,0.1,0.533100225835381,0.633100225835381,0.279271753609269
"brown_spot",10,0.1,0.533100225835381,0.633100225835381,0.311843583947301
"brown_spot",11,0.1,0.533100225835381,0.633100225835381,0.343914640948508
"brown_spot",12,0.1,0.533100225835381,0.633100225835381,0.375364809152516
"brown_spot",13,0.1,0.533100225835381,0.633100225835381,0.406095776560068
"brown_spot",14,0.1,0.533100225835381,0.633100225835381,0.436027515517541
"brown_spot",15,0.1,0.533100225835381,0.633100225835381,0.465095750975504
"brown_spot",16,0.1,0.533100225835381,0.633100225835381,0.493249972056911
"brown_spot",17,0.1,0.533100225835381,0.633100225835381,0.520451773820134
"brown_spot",18,0.1,0.533100225835381,0.633100225835381,0.546673420809208
"brown_spot",19,0.1,0.533100225835381,0.633100225835381,0.571896574001399
"brown_spot",20,0.1,0.533100225835381,0.633100225835381,0.596111147788581
"brown_spot",21,0.1,0.533100225835381,0.633100225835381,0.619314276565727
"brown_spot",22,0.1,0.533100225835381,0.633100225835381,0.641509377458678
"brown_spot",23,0.1,0.533100225835381,0.633100225835381,0.662705299545512
"brown_spot",24,0.1,0.533100225835381,0.633100225835381,0.682915552097743
"brown_spot",25,0.1,0.533100225835381,0.633100225835381,0.702157605639724
"brown_spot",26,0.1,0.533100225835381,0.633100225835381,0.720452260402723
"brown_spot",27,0.1,0.533100225835381,0.633100225835381,0.737823077261531
"brown_spot",28,0.1,0.533100225835381,0.633100225835381,0.754295866577699
"brown_spot",29,0.1,0.533100225835381,0.633100225835381,0.769898230675917
"brown_spot",30,0.1,0.533100225835381,0.633100225835381,0.784659155879777
"brown_spot",31,0.1,0.533100225835381,0.633100225835381,0.798608650256477
"brown_spot",32,0.1,0.533100225835381,0.633100225835381,0.81177742340979
"brown_spot",33,0.1,0.533100225835381,0.633100225835381,0.824196604852123
"brown_spot",34,0.1,0.533100225835381,0.633100225835381,0.835897497674307
"brown_spot",35,0.1,0.533100225835381,0.633100225835381,0.846911364418081
"brown_spot",36,0.1,0.533100225835381,0.633100225835381,0.857269242241038
"brown_spot",37,0.1,0.533100225835381,0.633100225835381,0.867001784645627
"brown_spot",38,0.1,0.533100225835381,0.633100225835381,0.876139127221616
"brown_spot",39,0.1,0.533100225835381,0.633100225835381,0.884710775031543
"brown_spot",40,0.1,0.533100225835381,0.633100225835381,0.89274550942156
"brown_spot",41,0.1,0.533100225835381,0.633100225835381,0.900271312229404
"brown_spot",42,0.1,0.533100225835381,0.633100225835381,0.907315305492884
"brown_spot",43,0.1,0.533100225835381,0.633100225835381,0.913903704926611
"brown_spot",44,0.1,0.533100225835381,0.633100225835381,0.920061785572675
"brown_spot",45,0.1,0.533100225835381,0.633100225835381,0.92581385816623
"brown_spot",46,0.1,0.533100225835381,0.633100225835381,0.931183254884792
"brown_spot",47,0.1,0.533100225835381,0.633100225835381,0.936192323269171
"brown_spot",48,0.1,0.533100225835381,0.633100225835381,0.940862427216402
"brown_spot",49,0.1,0.533100225835381,0.633100225835381,0.945213954049492
"brown_spot",50,0.1,0.533100225835381,0.633100225835381,0.949266326766238
"brown_spot",51,0.1,0.533100225835381,0.633100225835381,0.953038020659549
"brown_spot",52,0.1,0.533100225835381,0.633100225835381,0.956546583585227
"brown_spot",53,0.1,0.533100225835381,0.633100225835381,0.95980865923028
"brown_spot",54,0.1,0.533100225835381,0.633100225835381,0.962840012805739
"brown_spot",55,0.1,0.533100225835381,0.633100225835381,0.965655558651949
"brown_spot",56,0.1,0.533100225835381,0.633100225835381,0.968269389308328
"brown_spot",57,0.1,0.533100225835381,0.633100225835381,0.970694805641467
"brown_spot",58,0.1,0.533100225835381,0.633100225835381,0.972944347694632
"brown_spot",59,0.1,0.533100225835381,0.633100225835381,0.975029825947019
"brown_spot",60,0.1,0.533100225835381,0.633100225835381,0.976962352723561
"brown_spot",61,0.1,0.533100225835381,0.633100225835381,0.978752373527924
"brown_spot",62,0.1,0.533100225835381,0.633100225835381,0.98040969810592
"brown_spot",63,0.1,0.533100225835381,0.633100225835381,0.981943531075696
"brown_spot",64,0.1,0.533100225835381,0.633100225835381,0.983362501987179
"brown_spot",65,0.1,0.533100225835381,0.633100225835381,0.984674694697237
"brown_spot",66,0.1,0.533100225835381,0.633100225835381,0.985887675968367
"brown_spot",67,0.1,0.533100225835381,0.633100225835381,0.987008523216328
"brown_spot",68,0.1,0.533100225835381,0.633100225835381,0.988043851349494
"brown_spot",69,0.1,0.533100225835381,0.633100225835381,0.98899983865669
"brown_spot",70,0.1,0.533100225835381,0.633100225835381,0.989882251713344
"brown_spot",71,0.1,0.533100225835381,0.633100225835381,0.990696469285765
"brown_spot",72,0.1,0.533100225835381,0.633100225835381,0.991447505224316
"brown_spot",73,0.1,0.533100225835381,0.633100225835381,0.992140030343603
"brown_spot",74,0.1,0.533100225835381,0.633100225835381,0.992778393294622
"brown_spot",75,0.1,0.533100225835381,0.633100225835381,0.993366640440896
"brown_spot",76,0.1,0.533100225835381,0.633100225835381,0.993908534753846
"brown_spot",77,0.1,0.533100225835381,0.633100225835381,0.994407573749055
"brown_spot",78,0.1,0.533100225835381,0.633100225835381,0.99486700648607
"brown_spot",79,0.1,0.533100225835381,0.633100225835381,0.9952898496598
"brown_spot",80,0.1,0.533100225835381,0.633100225835381,0.995678902810468
"brown_spot",81,0.1,0.533100225835381,0.633100225835381,0.996036762684398
"brown_spot",82,0.1,0.533100225835381,0.633100225835381,0.996365836775575
"brown_spot",83,0.1,0.533100225835381,0.633100225835381,0.996668356081943
"brown_spot",84,0.1,0.533100225835381,0.633100225835381,0.996946387107824
"brown_spot",85,0.1,0.533100225835381,0.633100225835381,0.997201843145991
"brown_spot",86,0.1,0.533100225835381,0.633100225835381,0.997436494874797
"brown_spot",87,0.1,0.533100225835381,0.633100225835381,0.997651980296269
"brown_spot",88,0.1,0.533100225835381,0.633100225835381,0.997849814055761
"brown_spot",89,0.1,0.533100225835381,0.633100225835381,0.998031396169036
"brown_spot",90,0.1,0.533100225835381,0.633100225835381,0.99819802018931
"brown_spot",91,0.1,0.533100225835381,0.633100225835381,0.998350880844196
"brown_spot",92,0.1,0.533100225835381,0.633100225835381,0.998491081171249
"brown_spot",93,0.1,0.533100225835381,0.633100225835381,0.998619639180697
"brown_spot",94,0.1,0.533100225835381,0.633100225835381,0.998737494071914
"brown_spot",95,0.1,0.533100225835381,0.633100225835381,0.998845512029041
"brown_spot",96,0.1,0.533100225835381,0.633100225835381,0.998944491622224
"brown_spot",97,0.1,0.533100225835381,0.633100225835381,0.999035168836476
"brown_spot",98,0.1,0.533100225835381,0.633100225835381,0.999118221752012
"brown_spot",99,0.1,0.533100225835381,0.633100225835381,0.999194274897218
"brown_spot",100,0.1,0.533100225835381,0.633100225835381,0.9992639032944
"brown_spot",101,0.1,0.533100225835381,0.633100225835381,0.999327636219521
"brown_spot",102,0.1,0.533100225835381,0.633100225835381,0.999385960691426
"brown_spot",103,0.1,0.533100225835381,0.633100225835381,0.999439324711732
"brown_spot",104,0.1,0.533100225835381,0.633100225835381,0.999488140268444
"brown_spot",105,0.1,0.533100225835381,0.633100225835381,0.999532786121436
"brown_spot",106,0.1,0.533100225835381,0.633100225835381,0.99957361038341
"brown_spot",107,0.1,0.533100225835381,0.633100225835381,0.999610932910016
"brown_spot",108,0.1,0.533100225835381,0.633100225835381,0.999645047513072
"brown_spot",109,0.1,0.533100225835381,0.633100225835381,0.999676224008032
"brown_spot",110,0.1,0.533100225835381,0.633100225835381,0.999704710108427
"brown_spot",111,0.1,0.533100225835381,0.633100225835381,0.999730733176669
"brown_spot",112,0.1,0.533100225835381,0.633100225835381,0.999754501842834
"brown_spot",113,0.1,0.533100225835381,0.633100225835381,0.999776207499336
"brown_spot",114,0.1,0.533100225835381,0.633100225835381,0.999796025682097
"brown_spot",115,0.1,0.533100225835381,0.633100225835381,0.9998141173443
"brown_spot",116,0.1,0.533100225835381,0.633100225835381,0.999830630032974
"brown_spot",117,0.1,0.533100225835381,0.633100225835381,0.999845698973261
"brown_spot",118,0.1,0.533100225835381,0.633100225835381,0.999859448068652
"brown_spot",119,0.1,0.533100225835381,0.633100225835381,0.999871990823045
"brown_spot",120,0.1,0.533100225835381,0.633100225835381,0.999883431189815
"brown_spot",121,0.1,0.533100225835381,0.633100225835381,0.999893864354704
"brown_spot",122,0.1,0.533100225835381,0.633100225835381,0.999903377455632
"brown_spot",123,0.1,0.533100225835381,0.633100225835381,0.999912050246396
"brown_spot",124,0.1,0.533100225835381,0.633100225835381,0.999919955706713
"brown_spot",125,0.1,0.533100225835381,0.633100225835381,0.999927160603534
"brown_spot",126,0.1,0.533100225835381,0.633100225835381,0.999933726007333
"brown_spot",127,0.1,0.533100225835381,0.633100225835381,0.99993970776698
"brown_spot",128,0.1,0.533100225835381,0.633100225835381,0.999945156945418
"brown_spot",129,0.1,0.533100225835381,0.633100225835381,0.999950120221168
"brown_spot",130,0.1,0.533100225835381,0.633100225835381,0.999954640255978
"brown_spot",2,0.15,0.533100225835381,0.683100225835381,0.0801734162316526
"brown_spot",3,0.15,0.533100225835381,0.683100225835381,0.139088111479935
"brown_spot",4,0.15,0.533100225835381,0.683100225835381,0.213455889730222
"brown_spot",5,0.15,0.533100225835381,0.683100225835381,0.292603436479883
"brown_spot",6,0.15,0.533100225835381,0.683100225835381,0.371119055029993
"brown_spot",7,0.15,0.533100225835381,0.683100225835381,0.44613366426072
"brown_spot",8,0.15,0.533100225835381,0.683100225835381,0.51607090244718
"brown_spot",9,0.15,0.533100225835381,0.683100225835381,0.580114897498276
"brown_spot",10,0.15,0.533100225835381,0.683100225835381,0.637939621001083
"brown_spot",11,0.15,0.533100225835381,0.683100225835381,0.689545675803217
"brown_spot",12,0.15,0.533100225835381,0.683100225835381,0.735150419939007
"brown_spot",13,0.15,0.533100225835381,0.683100225835381,0.775109755126119
"brown_spot",14,0.15,0.533100225835381,0.683100225835381,0.809861299733974
"brown_spot",15,0.15,0.533100225835381,0.683100225835381,0.83988312768629
"brown_spot",16,0.15,0.533100225835381,0.683100225835381,0.865664251610149
"brown_spot",17,0.15,0.533100225835381,0.683100225835381,0.887684075729653
"brown_spot",18,0.15,0.533100225835381,0.683100225835381,0.906398690016137
"brown_spot",19,0.15,0.533100225835381,0.683100225835381,0.922232331912722
"brown_spot",20,0.15,0.533100225835381,0.683100225835381,0.935572690574365
"brown_spot",21,0.15,0.533100225835381,0.683100225835381,0.946769007719025
"brown_spot",22,0.15,0.533100225835381,0.683100225835381,0.956132156612536
"brown_spot",23,0.15,0.533100225835381,0.683100225835381,0.963936066435742
"brown_spot",24,0.15,0.533100225835381,0.683100225835381,0.970420010150734
"brown_spot",25,0.15,0.533100225835381,0.683100225835381,0.975791395406512
"brown_spot",26,0.15,0.533100225835381,0.683100225835381,0.980228794613646
"brown_spot",27,0.15,0.533100225835381,0.683100225835381,0.983885026209805
"brown_spot",28,0.15,0.533100225835381,0.683100225835381,0.986890157863672
"brown_spot",29,0.15,0.533100225835381,0.683100225835381,0.989354347155942
"brown_spot",30,0.15,0.533100225835381,0.683100225835381,0.991370468801614
"brown_spot",31,0.15,0.533100225835381,0.683100225835381,0.993016502068514
"brown_spot",32,0.15,0.533100225835381,0.683100225835381,0.994357669627354
"brown_spot",33,0.15,0.533100225835381,0.683100225835381,0.995448331232433
"brown_spot",34,0.15,0.533100225835381,0.683100225835381,0.996333643672212
"brown_spot",35,0.15,0.533100225835381,0.683100225835381,0.99705100338462
"brown_spot",36,0.15,0.533100225835381,0.683100225835381,0.997631290825572
"brown_spot",37,0.15,0.533100225835381,0.683100225835381,0.998099936752486
"brown_spot",38,0.15,0.533100225835381,0.683100225835381,0.99847783053324
"brown_spot",39,0.15,0.533100225835381,0.683100225835381,0.998782089791353
"brown_spot",40,0.15,0.533100225835381,0.683100225835381,0.999026709429638
"brown_spot",41,0.15,0.533100225835381,0.683100225835381,0.999223106544171
"brown_spot",42,0.15,0.533100225835381,0.683100225835381,0.999380576094938
"brown_spot",43,0.15,0.533100225835381,0.683100225835381,0.99950667054107
"brown_spot",44,0.15,0.533100225835381,0.683100225835381,0.999607515046459
"brown_spot",45,0.15,0.533100225835381,0.683100225835381,0.999688068357967
"brown_spot",46,0.15,0.533100225835381,0.683100225835381,0.999752338079433
"brown_spot",47,0.15,0.533100225835381,0.683100225835381,0.99980355781994
"brown_spot",48,0.15,0.533100225835381,0.683100225835381,0.999844332588395
"brown_spot",49,0.15,0.533100225835381,0.683100225835381,0.999876757833176
"brown_spot",50,0.15,0.533100225835381,0.683100225835381,0.999902516678158
"brown_spot",51,0.15,0.533100225835381,0.683100225835381,0.999922959174486
"brown_spot",52,0.15,0.533100225835381,0.683100225835381,0.999939166759988
"brown_spot",53,0.15,0.533100225835381,0.683100225835381,0.999952004583654
"brown_spot",54,0.15,0.533100225835381,0.683100225835381,0.999962163899861
"brown_spot",55,0.15,0.533100225835381,0.683100225835381,0.999970196355173
"brown_spot",56,0.15,0.533100225835381,0.683100225835381,0.999976541670731
"brown_spot",57,0.15,0.533100225835381,0.683100225835381,0.999981549955896
"brown_spot",58,0.15,0.533100225835381,0.683100225835381,0.999985499665947
"brown_spot",59,0.15,0.533100225835381,0.683100225835381,0.999988612032533
"brown_spot",60,0.15,0.533100225835381,0.683100225835381,0.999991062643059
"brown_spot",61,0.15,0.533100225835381,0.683100225835381,0.999992990719118
"brown_spot",62,0.15,0.533100225835381,0.683100225835381,0.999994506541458
"brown_spot",63,0.15,0.533100225835381,0.683100225835381,0.999995697384088
"brown_spot",64,0.15,0.533100225835381,0.683100225835381,0.999996632250866
"brown_spot",65,0.15,0.533100225835381,0.683100225835381,0.999997365651727
"brown_spot",66,0.15,0.533100225835381,0.683100225835381,0.999997940609909
"brown_spot",67,0.15,0.533100225835381,0.683100225835381,0.999998391053906
"brown_spot",68,0.15,0.533100225835381,0.683100225835381,0.999998743718094
"brown_spot",69,0.15,0.533100225835381,0.683100225835381,0.999999019651309
"brown_spot",70,0.15,0.533100225835381,0.683100225835381,0.999999235413124
"brown_spot",71,0.15,0.533100225835381,0.683100225835381,0.999999404021371
"brown_spot",72,0.15,0.533100225835381,0.683100225835381,0.999999535702062
"brown_spot",73,0.15,0.533100225835381,0.683100225835381,0.999999638482334
"brown_spot",74,0.15,0.533100225835381,0.683100225835381,0.999999718658788
"brown_spot",75,0.15,0.533100225835381,0.683100225835381,0.999999781167188
"brown_spot",76,0.15,0.533100225835381,0.683100225835381,0.999999829873928
"brown_spot",77,0.15,0.533100225835381,0.683100225835381,0.999999867805739
"brown_spot",78,0.15,0.533100225835381,0.683100225835381,0.999999897330486
"brown_spot",79,0.15,0.533100225835381,0.683100225835381,0.999999920299457
"brown_spot",80,0.15,0.533100225835381,0.683100225835381,0.999999938159133
"brown_spot",81,0.15,0.533100225835381,0.683100225835381,0.999999952039041
"brown_spot",82,0.15,0.533100225835381,0.683100225835381,0.999999962820665
"brown_spot",83,0.15,0.533100225835381,0.683100225835381,0.999999971191534
"brown_spot",84,0.15,0.533100225835381,0.683100225835381,0.999999977687584
"brown_spot",85,0.15,0.533100225835381,0.683100225835381,0.999999982726345
"brown_spot",86,0.15,0.533100225835381,0.683100225835381,0.999999986632934
"brown_spot",87,0.15,0.533100225835381,0.683100225835381,0.999999989660368
"brown_spot",88,0.15,0.533100225835381,0.683100225835381,0.999999992005448
"brown_spot",89,0.15,0.533100225835381,0.683100225835381,0.999999993821172
"brown_spot",90,0.15,0.533100225835381,0.683100225835381,0.999999995226426
"brown_spot",91,0.15,0.533100225835381,0.683100225835381,0.99999999631354
"brown_spot",92,0.15,0.533100225835381,0.683100225835381,0.999999997154187
"brown_spot",93,0.15,0.533100225835381,0.683100225835381,0.999999997803978
"brown_spot",94,0.15,0.533100225835381,0.683100225835381,0.999999998306041
"brown_spot",95,0.15,0.533100225835381,0.683100225835381,0.999999998693807
"brown_spot",96,0.15,0.533100225835381,0.683100225835381,0.999999998993179
"brown_spot",97,0.15,0.533100225835381,0.683100225835381,0.999999999224216
"brown_spot",98,0.15,0.533100225835381,0.683100225835381,0.99999999940245
"brown_spot",99,0.15,0.533100225835381,0.683100225835381,0.999999999539897
"brown_spot",100,0.15,0.533100225835381,0.683100225835381,0.999999999645851
"brown_spot",101,0.15,0.533100225835381,0.683100225835381,0.999999999727499
"brown_spot",102,0.15,0.533100225835381,0.683100225835381,0.999999999790394
"brown_spot",103,0.15,0.533100225835381,0.683100225835381,0.999999999838826
"brown_spot",104,0.15,0.533100225835381,0.683100225835381,0.999999999876108
"brown_spot",105,0.15,0.533100225835381,0.683100225835381,0.999999999904796
"brown_spot",106,0.15,0.533100225835381,0.683100225835381,0.999999999926865
"brown_spot",107,0.15,0.533100225835381,0.683100225835381,0.999999999943836
"brown_spot",108,0.15,0.533100225835381,0.683100225835381,0.999999999956882
"brown_spot",109,0.15,0.533100225835381,0.683100225835381,0.999999999966908
"brown_spot",110,0.15,0.533100225835381,0.683100225835381,0.99999999997461
"brown_spot",111,0.15,0.533100225835381,0.683100225835381,0.999999999980526
"brown_spot",112,0.15,0.533100225835381,0.683100225835381,0.999999999985067
"brown_spot",113,0.15,0.533100225835381,0.683100225835381,0.999999999988553
"brown_spot",114,0.15,0.533100225835381,0.683100225835381,0.999999999991228
"brown_spot",115,0.15,0.533100225835381,0.683100225835381,0.999999999993279
"brown_spot",116,0.15,0.533100225835381,0.683100225835381,0.999999999994853
"brown_spot",117,0.15,0.533100225835381,0.683100225835381,0.999999999996059
"brown_spot",118,0.15,0.533100225835381,0.683100225835381,0.999999999996983
"brown_spot",119,0.15,0.533100225835381,0.683100225835381,0.999999999997691
"brown_spot",120,0.15,0.533100225835381,0.683100225835381,0.999999999998233
"brown_spot",121,0.15,0.533100225835381,0.683100225835381,0.999999999998649
"brown_spot",122,0.15,0.533100225835381,0.683100225835381,0.999999999998967
"brown_spot",123,0.15,0.533100225835381,0.683100225835381,0.99999999999921
"brown_spot",124,0.15,0.533100225835381,0.683100225835381,0.999999999999396
"brown_spot",125,0.15,0.533100225835381,0.683100225835381,0.999999999999539
"brown_spot",126,0.15,0.533100225835381,0.683100225835381,0.999999999999648
"brown_spot",127,0.15,0.533100225835381,0.683100225835381,0.999999999999731
"brown_spot",128,0.15,0.533100225835381,0.683100225835381,0.999999999999795
"brown_spot",129,0.15,0.533100225835381,0.683100225835381,0.999999999999843
"brown_spot",130,0.15,0.533100225835381,0.683100225835381,0.99999999999988
"brown_spot",2,0.2,0.533100225835381,0.733100225835381,0.105339625799626
"brown_spot",3,0.2,0.533100225835381,0.733100225835381,0.220636708825331
"brown_spot",4,0.2,0.533100225835381,0.733100225835381,0.36534776060668
"brown_spot",5,0.2,0.533100225835381,0.733100225835381,0.506689980336993
"brown_spot",6,0.2,0.533100225835381,0.733100225835381,0.629150114525154
"brown_spot",7,0.2,0.533100225835381,0.733100225835381,0.728253230214043
"brown_spot",8,0.2,0.533100225835381,0.733100225835381,0.804929314633687
"brown_spot",9,0.2,0.533100225835381,0.733100225835381,0.862348855409153
"brown_spot",10,0.2,0.533100225835381,0.733100225835381,0.904275610138788
"brown_spot",11,0.2,0.533100225835381,0.733100225835381,0.934271308896985
"brown_spot",12,0.2,0.533100225835381,0.733100225835381,0.955369252775825
"brown_spot",13,0.2,0.533100225835381,0.733100225835381,0.969995203075942
"brown_spot",14,0.2,0.533100225835381,0.733100225835381,0.980007758896904
"brown_spot",15,0.2,0.533100225835381,0.733100225835381,0.986786674561783
"brown_spot",16,0.2,0.533100225835381,0.733100225835381,0.991331325062251
"brown_spot",17,0.2,0.533100225835381,0.733100225835381,0.994351290895656
"brown_spot",18,0.2,0.533100225835381,0.733100225835381,0.996342098720067
"brown_spot",19,0.2,0.533100225835381,0.733100225835381,0.997644938435888
"brown_spot",20,0.2,0.533100225835381,0.733100225835381,0.998491875615742
"brown_spot",21,0.2,0.533100225835381,0.733100225835381,0.99903906598672
"brown_spot",22,0.2,0.533100225835381,0.733100225835381,0.999390587587525
"brown_spot",23,0.2,0.533100225835381,0.733100225835381,0.999615217226049
"brown_spot",24,0.2,0.533100225835381,0.733100225835381,0.999758053511743
"brown_spot",25,0.2,0.533100225835381,0.733100225835381,0.999848461010796
"brown_spot",26,0.2,0.533100225835381,0.733100225835381,0.99990543652828
"brown_spot",27,0.2,0.533100225835381,0.733100225835381,0.999941196824956
"brown_spot",28,0.2,0.533100225835381,0.733100225835381,0.999963555360389
"brown_spot",29,0.2,0.533100225835381,0.733100225835381,0.999977483916325
"brown_spot",30,0.2,0.533100225835381,0.733100225835381,0.999986131052736
"brown_spot",31,0.2,0.533100225835381,0.733100225835381,0.999991481842065
"brown_spot",32,0.2,0.533100225835381,0.733100225835381,0.99999478258949
"brown_spot",33,0.2,0.533100225835381,0.733100225835381,0.999996812699345
"brown_spot",34,0.2,0.533100225835381,0.733100225835381,0.999998057783425
"brown_spot",35,0.2,0.533100225835381,0.733100225835381,0.999998819343666
"brown_spot",36,0.2,0.533100225835381,0.733100225835381,0.999999283951876
"brown_spot",37,0.2,0.533100225835381,0.733100225835381,0.999999566695983
"brown_spot",38,0.2,0.533100225835381,0.733100225835381,0.999999738355577
"brown_spot",39,0.2,0.533100225835381,0.733100225835381,0.999999842335931
"brown_spot",40,0.2,0.533100225835381,0.733100225835381,0.999999905182475
"brown_spot",41,0.2,0.533100225835381,0.733100225835381,0.999999943087271
"brown_spot",42,0.2,0.533100225835381,0.733100225835381,0.999999965902414
"brown_spot",43,0.2,0.533100225835381,0.733100225835381,0.999999979608075
"brown_spot",44,0.2,0.533100225835381,0.733100225835381,0.999999987825851
"brown_spot",45,0.2,0.533100225835381,0.733100225835381,0.99999999274414
"brown_spot",46,0.2,0.533100225835381,0.733100225835381,0.999999995682517
"brown_spot",47,0.2,0.533100225835381,0.733100225835381,0.999999997434998
"brown_spot",48,0.2,0.533100225835381,0.733100225835381,0.999999998478472
"brown_spot",49,0.2,0.533100225835381,0.733100225835381,0.999999999098789
"brown_spot",50,0.2,0.533100225835381,0.733100225835381,0.999999999466977
"brown_spot",51,0.2,0.533100225835381,0.733100225835381,0.999999999685184
"brown_spot",52,0.2,0.533100225835381,0.733100225835381,0.999999999814316
"brown_spot",53,0.2,0.533100225835381,0.733100225835381,0.999999999890626
"brown_spot",54,0.2,0.533100225835381,0.733100225835381,0.999999999935658
"brown_spot",55,0.2,0.533100225835381,0.733100225835381,0.999999999962197
"brown_spot",56,0.2,0.533100225835381,0.733100225835381,0.999999999977816
"brown_spot",57,0.2,0.533100225835381,0.733100225835381,0.999999999986998
"brown_spot",58,0.2,0.533100225835381,0.733100225835381,0.999999999992388
"brown_spot",59,0.2,0.533100225835381,0.733100225835381,0.999999999995549
"brown_spot",60,0.2,0.533100225835381,0.733100225835381,0.9999999999974
"brown_spot",61,0.2,0.533100225835381,0.733100225835381,0.999999999998483
"brown_spot",62,0.2,0.533100225835381,0.733100225835381,0.999999999999116
"brown_spot",63,0.2,0.533100225835381,0.733100225835381,0.999999999999485
"brown_spot",64,0.2,0.533100225835381,0.733100225835381,0.9999999999997
"brown_spot",65,0.2,0.533100225835381,0.733100225835381,0.999999999999826
"brown_spot",66,0.2,0.533100225835381,0.733100225835381,0.999999999999899
"brown_spot",67,0.2,0.533100225835381,0.733100225835381,0.999999999999941
"brown_spot",68,0.2,0.533100225835381,0.733100225835381,0.999999999999966
"brown_spot",69,0.2,0.533100225835381,0.733100225835381,0.99999999999998
"brown_spot",70,0.2,0.533100225835381,0.733100225835381,0.999999999999989
"brown_spot",71,0.2,0.533100225835381,0.733100225835381,0.999999999999993
"brown_spot",72,0.2,0.533100225835381,0.733100225835381,0.999999999999996
"brown_spot",73,0.2,0.533100225835381,0.733100225835381,0.999999999999998
"brown_spot",74,0.2,0.533100225835381,0.733100225835381,0.999999999999999
"brown_spot",75,0.2,0.533100225835381,0.733100225835381,0.999999999999999
"brown_spot",76,0.2,0.533100225835381,0.733100225835381,1
"brown_spot",77,0.2,0.533100225835381,0.733100225835381,1
"brown_spot",78,0.2,0.533100225835381,0.733100225835381,1
"brown_spot",79,0.2,0.533100225835381,0.733100225835381,1
"brown_spot",80,0.2,0.533100225835381,0.733100225835381,1
"brown_spot",81,0.2,0.533100225835381,0.733100225835381,1
"brown_spot",82,0.2,0.533100225835381,0.733100225835381,1
"brown_spot",83,0.2,0.533100225835381,0.733100225835381,1
"brown_spot",84,0.2,0.533100225835381,0.733100225835381,1
"brown_spot",85,0.2,0.533100225835381,0.733100225835381,1
"brown_spot",86,0.2,0.533100225835381,0.733100225835381,1
"brown_spot",87,0.2,0.533100225835381,0.733100225835381,1
"brown_spot",88,0.2,0.533100225835381,0.733100225835381,1
"brown_spot",89,0.2,0.533100225835381,0.733100225835381,1
"brown_spot",90,0.2,0.533100225835381,0.733100225835381,1
"brown_spot",91,0.2,0.533100225835381,0.733100225835381,1
"brown_spot",92,0.2,0.533100225835381,0.733100225835381,1
"brown_spot",93,0.2,0.533100225835381,0.733100225835381,1
"brown_spot",94,0.2,0.533100225835381,0.733100225835381,1
"brown_spot",95,0.2,0.533100225835381,0.733100225835381,1
"brown_spot",96,0.2,0.533100225835381,0.733100225835381,1
"brown_spot",97,0.2,0.533100225835381,0.733100225835381,1
"brown_spot",98,0.2,0.533100225835381,0.733100225835381,1
"brown_spot",99,0.2,0.533100225835381,0.733100225835381,1
"brown_spot",100,0.2,0.533100225835381,0.733100225835381,1
"brown_spot",101,0.2,0.533100225835381,0.733100225835381,1
"brown_spot",102,0.2,0.533100225835381,0.733100225835381,1
"brown_spot",103,0.2,0.533100225835381,0.733100225835381,1
"brown_spot",104,0.2,0.533100225835381,0.733100225835381,1
"brown_spot",105,0.2,0.533100225835381,0.733100225835381,1
"brown_spot",106,0.2,0.533100225835381,0.733100225835381,1
"brown_spot",107,0.2,0.533100225835381,0.733100225835381,1
"brown_spot",108,0.2,0.533100225835381,0.733100225835381,1
"brown_spot",109,0.2,0.533100225835381,0.733100225835381,1
"brown_spot",110,0.2,0.533100225835381,0.733100225835381,1
"brown_spot",111,0.2,0.533100225835381,0.733100225835381,1
"brown_spot",112,0.2,0.533100225835381,0.733100225835381,1
"brown_spot",113,0.2,0.533100225835381,0.733100225835381,1
"brown_spot",114,0.2,0.533100225835381,0.733100225835381,1
"brown_spot",115,0.2,0.533100225835381,0.733100225835381,1
"brown_spot",116,0.2,0.533100225835381,0.733100225835381,1
"brown_spot",117,0.2,0.533100225835381,0.733100225835381,1
"brown_spot",118,0.2,0.533100225835381,0.733100225835381,1
"brown_spot",119,0.2,0.533100225835381,0.733100225835381,1
"brown_spot",120,0.2,0.533100225835381,0.733100225835381,1
"brown_spot",121,0.2,0.533100225835381,0.733100225835381,1
"brown_spot",122,0.2,0.533100225835381,0.733100225835381,1
"brown_spot",123,0.2,0.533100225835381,0.733100225835381,1
"brown_spot",124,0.2,0.533100225835381,0.733100225835381,1
"brown_spot",125,0.2,0.533100225835381,0.733100225835381,1
"brown_spot",126,0.2,0.533100225835381,0.733100225835381,1
"brown_spot",127,0.2,0.533100225835381,0.733100225835381,1
"brown_spot",128,0.2,0.533100225835381,0.733100225835381,1
"brown_spot",129,0.2,0.533100225835381,0.733100225835381,1
"brown_spot",130,0.2,0.533100225835381,0.733100225835381,1
"canker_ripe_orange",2,0.05,0.819229533469529,0.869229533469529,0.0810013589812434
"canker_ripe_orange",3,0.05,0.819229533469529,0.869229533469529,0.141669726032723
"canker_ripe_orange",4,0.05,0.819229533469529,0.869229533469529,0.218299369243117
"canker_ripe_orange",5,0.05,0.819229533469529,0.869229533469529,0.299721600126638
"canker_ripe_orange",6,0.05,0.819229533469529,0.869229533469529,0.380242178746419
"canker_ripe_orange",7,0.05,0.819229533469529,0.869229533469529,0.456858251095861
"canker_ripe_orange",8,0.05,0.819229533469529,0.869229533469529,0.527948886945454
"canker_ripe_orange",9,0.05,0.819229533469529,0.869229533469529,0.592707252580597
"canker_ripe_orange",10,0.05,0.819229533469529,0.869229533469529,0.650847576742882
"canker_ripe_orange",11,0.05,0.819229533469529,0.869229533469529,0.702427085734164
"canker_ripe_orange",12,0.05,0.819229533469529,0.869229533469529,0.747726144620824
"canker_ripe_orange",13,0.05,0.819229533469529,0.869229533469529,0.787163472244145
"canker_ripe_orange",14,0.05,0.819229533469529,0.869229533469529,0.821235202900033
"canker_ripe_orange",15,0.05,0.819229533469529,0.869229533469529,0.850471292069863
"canker_ripe_orange",16,0.05,0.819229533469529,0.869229533469529,0.87540492623922
"canker_ripe_orange",17,0.05,0.819229533469529,0.869229533469529,0.896551765475358
"canker_ripe_orange",18,0.05,0.819229533469529,0.869229533469529,0.914396588997312
"canker_ripe_orange",19,0.05,0.819229533469529,0.869229533469529,0.929385445752137
"canker_ripe_orange",20,0.05,0.819229533469529,0.869229533469529,0.941921822303052
"canker_ripe_orange",21,0.05,0.819229533469529,0.869229533469529,0.952365668208946
"canker_ripe_orange",22,0.05,0.819229533469529,0.869229533469529,0.961034384184436
"canker_ripe_orange",23,0.05,0.819229533469529,0.869229533469529,0.968205092519706
"canker_ripe_orange",24,0.05,0.819229533469529,0.869229533469529,0.974117681006643
"canker_ripe_orange",25,0.05,0.819229533469529,0.869229533469529,0.978978247936722
"canker_ripe_orange",26,0.05,0.819229533469529,0.869229533469529,0.982962682486884
"canker_ripe_orange",27,0.05,0.819229533469529,0.869229533469529,0.986220197274247
"canker_ripe_orange",28,0.05,0.819229533469529,0.869229533469529,0.98887669252606
"canker_ripe_orange",29,0.05,0.819229533469529,0.869229533469529,0.991037878096311
"canker_ripe_orange",30,0.05,0.819229533469529,0.869229533469529,0.992792113764587
"canker_ripe_orange",31,0.05,0.819229533469529,0.869229533469529,0.994212952633334
"canker_ripe_orange",32,0.05,0.819229533469529,0.869229533469529,0.995361389260818
"canker_ripe_orange",33,0.05,0.819229533469529,0.869229533469529,0.996287825265364
"canker_ripe_orange",34,0.05,0.819229533469529,0.869229533469529,0.997033771975997
"canker_ripe_orange",35,0.05,0.819229533469529,0.869229533469529,0.997633313440878
"canker_ripe_orange",36,0.05,0.819229533469529,0.869229533469529,0.99811435463491
"canker_ripe_orange",37,0.05,0.819229533469529,0.869229533469529,0.998499679717202
"canker_ripe_orange",38,0.05,0.819229533469529,0.869229533469529,0.99880784419601
"canker_ripe_orange",39,0.05,0.819229533469529,0.869229533469529,0.999053923246724
"canker_ripe_orange",40,0.05,0.819229533469529,0.869229533469529,0.999250136474648
"canker_ripe_orange",41,0.05,0.819229533469529,0.869229533469529,0.99940636731701
"canker_ripe_orange",42,0.05,0.819229533469529,0.869229533469529,0.999530593172875
"canker_ripe_orange",43,0.05,0.819229533469529,0.869229533469529,0.999629240323664
"canker_ripe_orange",44,0.05,0.819229533469529,0.869229533469529,0.999707475819824
"canker_ripe_orange",45,0.05,0.819229533469529,0.869229533469529,0.999769446777543
"canker_ripe_orange",46,0.05,0.819229533469529,0.869229533469529,0.999818475996581
"canker_ripe_orange",47,0.05,0.819229533469529,0.869229533469529,0.999857221431934
"canker_ripe_orange",48,0.05,0.819229533469529,0.869229533469529,0.999887805866699
"canker_ripe_orange",49,0.05,0.819229533469529,0.869229533469529,0.999911922099199
"canker_ripe_orange",50,0.05,0.819229533469529,0.869229533469529,0.999930918072985
"canker_ripe_orange",51,0.05,0.819229533469529,0.869229533469529,0.999945865625051
"canker_ripe_orange",52,0.05,0.819229533469529,0.869229533469529,0.999957615890484
"canker_ripe_orange",53,0.05,0.819229533469529,0.869229533469529,0.999966843866217
"canker_ripe_orange",54,0.05,0.819229533469529,0.869229533469529,0.999974084188405
"canker_ripe_orange",55,0.05,0.819229533469529,0.869229533469529,0.999979759804557
"canker_ripe_orange",56,0.05,0.819229533469529,0.869229533469529,0.999984204912517
"canker_ripe_orange",57,0.05,0.819229533469529,0.869229533469529,0.999987683282932
"canker_ripe_orange",58,0.05,0.819229533469529,0.869229533469529,0.999990402871262
"canker_ripe_orange",59,0.05,0.819229533469529,0.869229533469529,0.99999252745341
"canker_ripe_orange",60,0.05,0.819229533469529,0.869229533469529,0.999994185878172
"canker_ripe_orange",61,0.05,0.819229533469529,0.869229533469529,0.999995479413346
"canker_ripe_orange",62,0.05,0.819229533469529,0.869229533469529,0.999996487572654
"canker_ripe_orange",63,0.05,0.819229533469529,0.869229533469529,0.999997272729277
"canker_ripe_orange",64,0.05,0.819229533469529,0.869229533469529,0.999997883765767
"canker_ripe_orange",65,0.05,0.819229533469529,0.869229533469529,0.999998358957511
"canker_ripe_orange",66,0.05,0.819229533469529,0.869229533469529,0.999998728248298
"canker_ripe_orange",67,0.05,0.819229533469529,0.869229533469529,0.999999015043961
"canker_ripe_orange",68,0.05,0.819229533469529,0.869229533469529,0.999999237624728
"canker_ripe_orange",69,0.05,0.819229533469529,0.869229533469529,0.999999410256129
"canker_ripe_orange",70,0.05,0.819229533469529,0.869229533469529,0.999999544061982
"canker_ripe_orange",71,0.05,0.819229533469529,0.869229533469529,0.999999647709598
"canker_ripe_orange",72,0.05,0.819229533469529,0.869229533469529,0.999999727947201
"canker_ripe_orange",73,0.05,0.819229533469529,0.869229533469529,0.999999790025018
"canker_ripe_orange",74,0.05,0.819229533469529,0.869229533469529,0.999999838024869
"canker_ripe_orange",75,0.05,0.819229533469529,0.869229533469529,0.999999875117999
"canker_ripe_orange",76,0.05,0.819229533469529,0.869229533469529,0.999999903766503
"canker_ripe_orange",77,0.05,0.819229533469529,0.869229533469529,0.999999925880646
"canker_ripe_orange",78,0.05,0.819229533469529,0.869229533469529,0.999999942941557
"canker_ripe_orange",79,0.05,0.819229533469529,0.869229533469529,0.99999995609693
"canker_ripe_orange",80,0.05,0.819229533469529,0.869229533469529,0.999999966235502
"canker_ripe_orange",81,0.05,0.819229533469529,0.869229533469529,0.999999974045081
"canker_ripe_orange",82,0.05,0.819229533469529,0.869229533469529,0.999999980057637
"canker_ripe_orange",83,0.05,0.819229533469529,0.869229533469529,0.999999984684385
"canker_ripe_orange",84,0.05,0.819229533469529,0.869229533469529,0.999999988243002
"canker_ripe_orange",85,0.05,0.819229533469529,0.869229533469529,0.999999990978768
"canker_ripe_orange",86,0.05,0.819229533469529,0.869229533469529,0.999999993080959
"canker_ripe_orange",87,0.05,0.819229533469529,0.869229533469529,0.999999994695561
"canker_ripe_orange",88,0.05,0.819229533469529,0.869229533469529,0.999999995935103
"canker_ripe_orange",89,0.05,0.819229533469529,0.869229533469529,0.999999996886283
"canker_ripe_orange",90,0.05,0.819229533469529,0.869229533469529,0.999999997615864
"canker_ripe_orange",91,0.05,0.819229533469529,0.869229533469529,0.999999998175232
"canker_ripe_orange",92,0.05,0.819229533469529,0.869229533469529,0.999999998603914
"canker_ripe_orange",93,0.05,0.819229533469529,0.869229533469529,0.999999998932306
"canker_ripe_orange",94,0.05,0.819229533469529,0.869229533469529,0.999999999183767
"canker_ripe_orange",95,0.05,0.819229533469529,0.869229533469529,0.999999999376241
"canker_ripe_orange",96,0.05,0.819229533469529,0.869229533469529,0.999999999523506
"canker_ripe_orange",97,0.05,0.819229533469529,0.869229533469529,0.999999999636138
"canker_ripe_orange",98,0.05,0.819229533469529,0.869229533469529,0.999999999722246
"canker_ripe_orange",99,0.05,0.819229533469529,0.869229533469529,0.999999999788053
"canker_ripe_orange",100,0.05,0.819229533469529,0.869229533469529,0.999999999838326
"canker_ripe_orange",101,0.05,0.819229533469529,0.869229533469529,0.999999999876717
"canker_ripe_orange",102,0.05,0.819229533469529,0.869229533469529,0.999999999906024
"canker_ripe_orange",103,0.05,0.819229533469529,0.869229533469529,0.999999999928388
"canker_ripe_orange",104,0.05,0.819229533469529,0.869229533469529,0.999999999945449
"canker_ripe_orange",105,0.05,0.819229533469529,0.869229533469529,0.999999999958458
"canker_ripe_orange",106,0.05,0.819229533469529,0.869229533469529,0.999999999968376
"canker_ripe_orange",107,0.05,0.819229533469529,0.869229533469529,0.999999999975933
"canker_ripe_orange",108,0.05,0.819229533469529,0.869229533469529,0.99999999998169
"canker_ripe_orange",109,0.05,0.819229533469529,0.869229533469529,0.999999999986075
"canker_ripe_orange",110,0.05,0.819229533469529,0.869229533469529,0.999999999989412
"canker_ripe_orange",111,0.05,0.819229533469529,0.869229533469529,0.999999999991953
"canker_ripe_orange",112,0.05,0.819229533469529,0.869229533469529,0.999999999993885
"canker_ripe_orange",113,0.05,0.819229533469529,0.869229533469529,0.999999999995355
"canker_ripe_orange",114,0.05,0.819229533469529,0.869229533469529,0.999999999996473
"canker_ripe_orange",115,0.05,0.819229533469529,0.869229533469529,0.999999999997322
"canker_ripe_orange",116,0.05,0.819229533469529,0.869229533469529,0.999999999997968
"canker_ripe_orange",117,0.05,0.819229533469529,0.869229533469529,0.999999999998458
"canker_ripe_orange",118,0.05,0.819229533469529,0.869229533469529,0.99999999999883
"canker_ripe_orange",119,0.05,0.819229533469529,0.869229533469529,0.999999999999113
"canker_ripe_orange",120,0.05,0.819229533469529,0.869229533469529,0.999999999999327
"canker_ripe_orange",121,0.05,0.819229533469529,0.869229533469529,0.99999999999949
"canker_ripe_orange",122,0.05,0.819229533469529,0.869229533469529,0.999999999999614
"canker_ripe_orange",123,0.05,0.819229533469529,0.869229533469529,0.999999999999707
"canker_ripe_orange",124,0.05,0.819229533469529,0.869229533469529,0.999999999999778
"canker_ripe_orange",125,0.05,0.819229533469529,0.869229533469529,0.999999999999832
"canker_ripe_orange",126,0.05,0.819229533469529,0.869229533469529,0.999999999999873
"canker_ripe_orange",127,0.05,0.819229533469529,0.869229533469529,0.999999999999904
"canker_ripe_orange",128,0.05,0.819229533469529,0.869229533469529,0.999999999999927
"canker_ripe_orange",129,0.05,0.819229533469529,0.869229533469529,0.999999999999945
"canker_ripe_orange",130,0.05,0.819229533469529,0.869229533469529,0.999999999999958
"canker_ripe_orange",2,0.1,0.819229533469529,0.919229533469529,0.179094854093883
"canker_ripe_orange",3,0.1,0.819229533469529,0.919229533469529,0.482928919891438
"canker_ripe_orange",4,0.1,0.819229533469529,0.919229533469529,0.769452295464659
"canker_ripe_orange",5,0.1,0.819229533469529,0.919229533469529,0.91838602410678
"canker_ripe_orange",6,0.1,0.819229533469529,0.919229533469529,0.975014814064467
"canker_ripe_orange",7,0.1,0.819229533469529,0.919229533469529,0.993059847846021
"canker_ripe_orange",8,0.1,0.819229533469529,0.919229533469529,0.998202177376706
"canker_ripe_orange",9,0.1,0.819229533469529,0.919229533469529,0.999558320640941
"canker_ripe_orange",10,0.1,0.819229533469529,0.919229533469529,0.999895956368514
"canker_ripe_orange",11,0.1,0.819229533469529,0.919229533469529,0.999976320730756
"canker_ripe_orange",12,0.1,0.819229533469529,0.919229533469529,0.999994764562722
"canker_ripe_orange",13,0.1,0.819229533469529,0.919229533469529,0.999998870816551
"canker_ripe_orange",14,0.1,0.819229533469529,0.919229533469529,0.999999761661572
"canker_ripe_orange",15,0.1,0.819229533469529,0.919229533469529,0.999999950643144
"canker_ripe_orange",16,0.1,0.819229533469529,0.919229533469529,0.999999989951057
"canker_ripe_orange",17,0.1,0.819229533469529,0.919229533469529,0.999999997985115
"canker_ripe_orange",18,0.1,0.819229533469529,0.919229533469529,0.999999999601558
"canker_ripe_orange",19,0.1,0.819229533469529,0.919229533469529,0.999999999922203
"canker_ripe_orange",20,0.1,0.819229533469529,0.919229533469529,0.999999999984985
"canker_ripe_orange",21,0.1,0.819229533469529,0.919229533469529,0.999999999997134
"canker_ripe_orange",22,0.1,0.819229533469529,0.919229533469529,0.999999999999458
"canker_ripe_orange",23,0.1,0.819229533469529,0.919229533469529,0.999999999999899
"canker_ripe_orange",24,0.1,0.819229533469529,0.919229533469529,0.999999999999981
"canker_ripe_orange",25,0.1,0.819229533469529,0.919229533469529,0.999999999999997
"canker_ripe_orange",26,0.1,0.819229533469529,0.919229533469529,0.999999999999999
"canker_ripe_orange",27,0.1,0.819229533469529,0.919229533469529,1
"canker_ripe_orange",28,0.1,0.819229533469529,0.919229533469529,1
"canker_ripe_orange",29,0.1,0.819229533469529,0.919229533469529,1
"canker_ripe_orange",30,0.1,0.819229533469529,0.919229533469529,1
"canker_ripe_orange",31,0.1,0.819229533469529,0.919229533469529,1
"canker_ripe_orange",32,0.1,0.819229533469529,0.919229533469529,1
"canker_ripe_orange",33,0.1,0.819229533469529,0.919229533469529,1
"canker_ripe_orange",34,0.1,0.819229533469529,0.919229533469529,1
"canker_ripe_orange",35,0.1,0.819229533469529,0.919229533469529,1
"canker_ripe_orange",36,0.1,0.819229533469529,0.919229533469529,1
"canker_ripe_orange",37,0.1,0.819229533469529,0.919229533469529,1
"canker_ripe_orange",38,0.1,0.819229533469529,0.919229533469529,1
"canker_ripe_orange",39,0.1,0.819229533469529,0.919229533469529,1
"canker_ripe_orange",40,0.1,0.819229533469529,0.919229533469529,1
"canker_ripe_orange",41,0.1,0.819229533469529,0.919229533469529,1
"canker_ripe_orange",42,0.1,0.819229533469529,0.919229533469529,1
"canker_ripe_orange",43,0.1,0.819229533469529,0.919229533469529,1
"canker_ripe_orange",44,0.1,0.819229533469529,0.919229533469529,1
"canker_ripe_orange",45,0.1,0.819229533469529,0.919229533469529,1
"canker_ripe_orange",46,0.1,0.819229533469529,0.919229533469529,1
"canker_ripe_orange",47,0.1,0.819229533469529,0.919229533469529,1
"canker_ripe_orange",48,0.1,0.819229533469529,0.919229533469529,1
"canker_ripe_orange",49,0.1,0.819229533469529,0.919229533469529,1
"canker_ripe_orange",50,0.1,0.819229533469529,0.919229533469529,1
"canker_ripe_orange",51,0.1,0.819229533469529,0.919229533469529,1
"canker_ripe_orange",52,0.1,0.819229533469529,0.919229533469529,1
"canker_ripe_orange",53,0.1,0.819229533469529,0.919229533469529,1
"canker_ripe_orange",54,0.1,0.819229533469529,0.919229533469529,1
"canker_ripe_orange",55,0.1,0.819229533469529,0.919229533469529,1
"canker_ripe_orange",56,0.1,0.819229533469529,0.919229533469529,1
"canker_ripe_orange",57,0.1,0.819229533469529,0.919229533469529,1
"canker_ripe_orange",58,0.1,0.819229533469529,0.919229533469529,1
"canker_ripe_orange",59,0.1,0.819229533469529,0.919229533469529,1
"canker_ripe_orange",60,0.1,0.819229533469529,0.919229533469529,1
"canker_ripe_orange",61,0.1,0.819229533469529,0.919229533469529,1
"canker_ripe_orange",62,0.1,0.819229533469529,0.919229533469529,1
"canker_ripe_orange",63,0.1,0.819229533469529,0.919229533469529,1
"canker_ripe_orange",64,0.1,0.819229533469529,0.919229533469529,1
"canker_ripe_orange",65,0.1,0.819229533469529,0.919229533469529,1
"canker_ripe_orange",66,0.1,0.819229533469529,0.919229533469529,1
"canker_ripe_orange",67,0.1,0.819229533469529,0.919229533469529,1
"canker_ripe_orange",68,0.1,0.819229533469529,0.919229533469529,1
"canker_ripe_orange",69,0.1,0.819229533469529,0.919229533469529,1
"canker_ripe_orange",70,0.1,0.819229533469529,0.919229533469529,1
"canker_ripe_orange",71,0.1,0.819229533469529,0.919229533469529,1
"canker_ripe_orange",72,0.1,0.819229533469529,0.919229533469529,1
"canker_ripe_orange",73,0.1,0.819229533469529,0.919229533469529,1
"canker_ripe_orange",74,0.1,0.819229533469529,0.919229533469529,1
"canker_ripe_orange",75,0.1,0.819229533469529,0.919229533469529,1
"canker_ripe_orange",76,0.1,0.819229533469529,0.919229533469529,1
"canker_ripe_orange",77,0.1,0.819229533469529,0.919229533469529,1
"canker_ripe_orange",78,0.1,0.819229533469529,0.919229533469529,1
"canker_ripe_orange",79,0.1,0.819229533469529,0.919229533469529,1
"canker_ripe_orange",80,0.1,0.819229533469529,0.919229533469529,1
"canker_ripe_orange",81,0.1,0.819229533469529,0.919229533469529,1
"canker_ripe_orange",82,0.1,0.819229533469529,0.919229533469529,1
"canker_ripe_orange",83,0.1,0.819229533469529,0.919229533469529,1
"canker_ripe_orange",84,0.1,0.819229533469529,0.919229533469529,1
"canker_ripe_orange",85,0.1,0.819229533469529,0.919229533469529,1
"canker_ripe_orange",86,0.1,0.819229533469529,0.919229533469529,1
"canker_ripe_orange",87,0.1,0.819229533469529,0.919229533469529,1
"canker_ripe_orange",88,0.1,0.819229533469529,0.919229533469529,1
"canker_ripe_orange",89,0.1,0.819229533469529,0.919229533469529,1
"canker_ripe_orange",90,0.1,0.819229533469529,0.919229533469529,1
"canker_ripe_orange",91,0.1,0.819229533469529,0.919229533469529,1
"canker_ripe_orange",92,0.1,0.819229533469529,0.919229533469529,1
"canker_ripe_orange",93,0.1,0.819229533469529,0.919229533469529,1
"canker_ripe_orange",94,0.1,0.819229533469529,0.919229533469529,1
"canker_ripe_orange",95,0.1,0.819229533469529,0.919229533469529,1
"canker_ripe_orange",96,0.1,0.819229533469529,0.919229533469529,1
"canker_ripe_orange",97,0.1,0.819229533469529,0.919229533469529,1
"canker_ripe_orange",98,0.1,0.819229533469529,0.919229533469529,1
"canker_ripe_orange",99,0.1,0.819229533469529,0.919229533469529,1
"canker_ripe_orange",100,0.1,0.819229533469529,0.919229533469529,1
"canker_ripe_orange",101,0.1,0.819229533469529,0.919229533469529,1
"canker_ripe_orange",102,0.1,0.819229533469529,0.919229533469529,1
"canker_ripe_orange",103,0.1,0.819229533469529,0.919229533469529,1
"canker_ripe_orange",104,0.1,0.819229533469529,0.919229533469529,1
"canker_ripe_orange",105,0.1,0.819229533469529,0.919229533469529,1
"canker_ripe_orange",106,0.1,0.819229533469529,0.919229533469529,1
"canker_ripe_orange",107,0.1,0.819229533469529,0.919229533469529,1
"canker_ripe_orange",108,0.1,0.819229533469529,0.919229533469529,1
"canker_ripe_orange",109,0.1,0.819229533469529,0.919229533469529,1
"canker_ripe_orange",110,0.1,0.819229533469529,0.919229533469529,1
"canker_ripe_orange",111,0.1,0.819229533469529,0.919229533469529,1
"canker_ripe_orange",112,0.1,0.819229533469529,0.919229533469529,1
"canker_ripe_orange",113,0.1,0.819229533469529,0.919229533469529,1
"canker_ripe_orange",114,0.1,0.819229533469529,0.919229533469529,1
"canker_ripe_orange",115,0.1,0.819229533469529,0.919229533469529,1
"canker_ripe_orange",116,0.1,0.819229533469529,0.919229533469529,1
"canker_ripe_orange",117,0.1,0.819229533469529,0.919229533469529,1
"canker_ripe_orange",118,0.1,0.819229533469529,0.919229533469529,1
"canker_ripe_orange",119,0.1,0.819229533469529,0.919229533469529,1
"canker_ripe_orange",120,0.1,0.819229533469529,0.919229533469529,1
"canker_ripe_orange",121,0.1,0.819229533469529,0.919229533469529,1
"canker_ripe_orange",122,0.1,0.819229533469529,0.919229533469529,1
"canker_ripe_orange",123,0.1,0.819229533469529,0.919229533469529,1
"canker_ripe_orange",124,0.1,0.819229533469529,0.919229533469529,1
"canker_ripe_orange",125,0.1,0.819229533469529,0.919229533469529,1
"canker_ripe_orange",126,0.1,0.819229533469529,0.919229533469529,1
"canker_ripe_orange",127,0.1,0.819229533469529,0.919229533469529,1
"canker_ripe_orange",128,0.1,0.819229533469529,0.919229533469529,1
"canker_ripe_orange",129,0.1,0.819229533469529,0.919229533469529,1
"canker_ripe_orange",130,0.1,0.819229533469529,0.919229533469529,1
"canker_ripe_orange",2,0.15,0.819229533469529,0.969229533469529,0.373920412611693
"canker_ripe_orange",3,0.15,0.819229533469529,0.969229533469529,0.943388276295673
"canker_ripe_orange",4,0.15,0.819229533469529,0.969229533469529,0.999588772182536
"canker_ripe_orange",5,0.15,0.819229533469529,0.969229533469529,0.999999314126585
"canker_ripe_orange",6,0.15,0.819229533469529,0.969229533469529,0.999999999472712
"canker_ripe_orange",7,0.15,0.819229533469529,0.969229533469529,0.999999999999745
"canker_ripe_orange",8,0.15,0.819229533469529,0.969229533469529,1
"canker_ripe_orange",9,0.15,0.819229533469529,0.969229533469529,1
"canker_ripe_orange",10,0.15,0.819229533469529,0.969229533469529,1
"canker_ripe_orange",11,0.15,0.819229533469529,0.969229533469529,1
"canker_ripe_orange",12,0.15,0.819229533469529,0.969229533469529,1
"canker_ripe_orange",13,0.15,0.819229533469529,0.969229533469529,1
"canker_ripe_orange",14,0.15,0.819229533469529,0.969229533469529,1
"canker_ripe_orange",15,0.15,0.819229533469529,0.969229533469529,1
"canker_ripe_orange",16,0.15,0.819229533469529,0.969229533469529,1
"canker_ripe_orange",17,0.15,0.819229533469529,0.969229533469529,1
"canker_ripe_orange",18,0.15,0.819229533469529,0.969229533469529,1
"canker_ripe_orange",19,0.15,0.819229533469529,0.969229533469529,1
"canker_ripe_orange",20,0.15,0.819229533469529,0.969229533469529,1
"canker_ripe_orange",21,0.15,0.819229533469529,0.969229533469529,1
"canker_ripe_orange",22,0.15,0.819229533469529,0.969229533469529,1
"canker_ripe_orange",23,0.15,0.819229533469529,0.969229533469529,1
"canker_ripe_orange",24,0.15,0.819229533469529,0.969229533469529,1
"canker_ripe_orange",25,0.15,0.819229533469529,0.969229533469529,1
"canker_ripe_orange",26,0.15,0.819229533469529,0.969229533469529,1
"canker_ripe_orange",27,0.15,0.819229533469529,0.969229533469529,1
"canker_ripe_orange",28,0.15,0.819229533469529,0.969229533469529,1
"canker_ripe_orange",29,0.15,0.819229533469529,0.969229533469529,1
"canker_ripe_orange",30,0.15,0.819229533469529,0.969229533469529,1
"canker_ripe_orange",31,0.15,0.819229533469529,0.969229533469529,1
"canker_ripe_orange",32,0.15,0.819229533469529,0.969229533469529,1
"canker_ripe_orange",33,0.15,0.819229533469529,0.969229533469529,1
"canker_ripe_orange",34,0.15,0.819229533469529,0.969229533469529,1
"canker_ripe_orange",35,0.15,0.819229533469529,0.969229533469529,1
"canker_ripe_orange",36,0.15,0.819229533469529,0.969229533469529,1
"canker_ripe_orange",37,0.15,0.819229533469529,0.969229533469529,1
"canker_ripe_orange",38,0.15,0.819229533469529,0.969229533469529,1
"canker_ripe_orange",39,0.15,0.819229533469529,0.969229533469529,1
"canker_ripe_orange",40,0.15,0.819229533469529,0.969229533469529,1
"canker_ripe_orange",41,0.15,0.819229533469529,0.969229533469529,1
"canker_ripe_orange",42,0.15,0.819229533469529,0.969229533469529,1
"canker_ripe_orange",43,0.15,0.819229533469529,0.969229533469529,1
"canker_ripe_orange",44,0.15,0.819229533469529,0.969229533469529,1
"canker_ripe_orange",45,0.15,0.819229533469529,0.969229533469529,1
"canker_ripe_orange",46,0.15,0.819229533469529,0.969229533469529,1
"canker_ripe_orange",47,0.15,0.819229533469529,0.969229533469529,1
"canker_ripe_orange",48,0.15,0.819229533469529,0.969229533469529,1
"canker_ripe_orange",49,0.15,0.819229533469529,0.969229533469529,1
"canker_ripe_orange",50,0.15,0.819229533469529,0.969229533469529,1
"canker_ripe_orange",51,0.15,0.819229533469529,0.969229533469529,1
"canker_ripe_orange",52,0.15,0.819229533469529,0.969229533469529,1
"canker_ripe_orange",53,0.15,0.819229533469529,0.969229533469529,1
"canker_ripe_orange",54,0.15,0.819229533469529,0.969229533469529,1
"canker_ripe_orange",55,0.15,0.819229533469529,0.969229533469529,1
"canker_ripe_orange",56,0.15,0.819229533469529,0.969229533469529,1
"canker_ripe_orange",57,0.15,0.819229533469529,0.969229533469529,1
"canker_ripe_orange",58,0.15,0.819229533469529,0.969229533469529,1
"canker_ripe_orange",59,0.15,0.819229533469529,0.969229533469529,1
"canker_ripe_orange",60,0.15,0.819229533469529,0.969229533469529,1
"canker_ripe_orange",61,0.15,0.819229533469529,0.969229533469529,1
"canker_ripe_orange",62,0.15,0.819229533469529,0.969229533469529,1
"canker_ripe_orange",63,0.15,0.819229533469529,0.969229533469529,1
"canker_ripe_orange",64,0.15,0.819229533469529,0.969229533469529,1
"canker_ripe_orange",65,0.15,0.819229533469529,0.969229533469529,1
"canker_ripe_orange",66,0.15,0.819229533469529,0.969229533469529,1
"canker_ripe_orange",67,0.15,0.819229533469529,0.969229533469529,1
"canker_ripe_orange",68,0.15,0.819229533469529,0.969229533469529,1
"canker_ripe_orange",69,0.15,0.819229533469529,0.969229533469529,1
"canker_ripe_orange",70,0.15,0.819229533469529,0.969229533469529,1
"canker_ripe_orange",71,0.15,0.819229533469529,0.969229533469529,1
"canker_ripe_orange",72,0.15,0.819229533469529,0.969229533469529,1
"canker_ripe_orange",73,0.15,0.819229533469529,0.969229533469529,1
"canker_ripe_orange",74,0.15,0.819229533469529,0.969229533469529,1
"canker_ripe_orange",75,0.15,0.819229533469529,0.969229533469529,1
"canker_ripe_orange",76,0.15,0.819229533469529,0.969229533469529,1
"canker_ripe_orange",77,0.15,0.819229533469529,0.969229533469529,1
"canker_ripe_orange",78,0.15,0.819229533469529,0.969229533469529,1
"canker_ripe_orange",79,0.15,0.819229533469529,0.969229533469529,1
"canker_ripe_orange",80,0.15,0.819229533469529,0.969229533469529,1
"canker_ripe_orange",81,0.15,0.819229533469529,0.969229533469529,1
"canker_ripe_orange",82,0.15,0.819229533469529,0.969229533469529,1
"canker_ripe_orange",83,0.15,0.819229533469529,0.969229533469529,1
"canker_ripe_orange",84,0.15,0.819229533469529,0.969229533469529,1
"canker_ripe_orange",85,0.15,0.819229533469529,0.969229533469529,1
"canker_ripe_orange",86,0.15,0.819229533469529,0.969229533469529,1
"canker_ripe_orange",87,0.15,0.819229533469529,0.969229533469529,1
"canker_ripe_orange",88,0.15,0.819229533469529,0.969229533469529,1
"canker_ripe_orange",89,0.15,0.819229533469529,0.969229533469529,1
"canker_ripe_orange",90,0.15,0.819229533469529,0.969229533469529,1
"canker_ripe_orange",91,0.15,0.819229533469529,0.969229533469529,1
"canker_ripe_orange",92,0.15,0.819229533469529,0.969229533469529,1
"canker_ripe_orange",93,0.15,0.819229533469529,0.969229533469529,1
"canker_ripe_orange",94,0.15,0.819229533469529,0.969229533469529,1
"canker_ripe_orange",95,0.15,0.819229533469529,0.969229533469529,1
"canker_ripe_orange",96,0.15,0.819229533469529,0.969229533469529,1
"canker_ripe_orange",97,0.15,0.819229533469529,0.969229533469529,1
"canker_ripe_orange",98,0.15,0.819229533469529,0.969229533469529,1
"canker_ripe_orange",99,0.15,0.819229533469529,0.969229533469529,1
"canker_ripe_orange",100,0.15,0.819229533469529,0.969229533469529,1
"canker_ripe_orange",101,0.15,0.819229533469529,0.969229533469529,1
"canker_ripe_orange",102,0.15,0.819229533469529,0.969229533469529,1
"canker_ripe_orange",103,0.15,0.819229533469529,0.969229533469529,1
"canker_ripe_orange",104,0.15,0.819229533469529,0.969229533469529,1
"canker_ripe_orange",105,0.15,0.819229533469529,0.969229533469529,1
"canker_ripe_orange",106,0.15,0.819229533469529,0.969229533469529,1
"canker_ripe_orange",107,0.15,0.819229533469529,0.969229533469529,1
"canker_ripe_orange",108,0.15,0.819229533469529,0.969229533469529,1
"canker_ripe_orange",109,0.15,0.819229533469529,0.969229533469529,1
"canker_ripe_orange",110,0.15,0.819229533469529,0.969229533469529,1
"canker_ripe_orange",111,0.15,0.819229533469529,0.969229533469529,1
"canker_ripe_orange",112,0.15,0.819229533469529,0.969229533469529,1
"canker_ripe_orange",113,0.15,0.819229533469529,0.969229533469529,1
"canker_ripe_orange",114,0.15,0.819229533469529,0.969229533469529,1
"canker_ripe_orange",115,0.15,0.819229533469529,0.969229533469529,1
"canker_ripe_orange",116,0.15,0.819229533469529,0.969229533469529,1
"canker_ripe_orange",117,0.15,0.819229533469529,0.969229533469529,1
"canker_ripe_orange",118,0.15,0.819229533469529,0.969229533469529,1
"canker_ripe_orange",119,0.15,0.819229533469529,0.969229533469529,1
"canker_ripe_orange",120,0.15,0.819229533469529,0.969229533469529,1
"canker_ripe_orange",121,0.15,0.819229533469529,0.969229533469529,1
"canker_ripe_orange",122,0.15,0.819229533469529,0.969229533469529,1
"canker_ripe_orange",123,0.15,0.819229533469529,0.969229533469529,1
"canker_ripe_orange",124,0.15,0.819229533469529,0.969229533469529,1
"canker_ripe_orange",125,0.15,0.819229533469529,0.969229533469529,1
"canker_ripe_orange",126,0.15,0.819229533469529,0.969229533469529,1
"canker_ripe_orange",127,0.15,0.819229533469529,0.969229533469529,1
"canker_ripe_orange",128,0.15,0.819229533469529,0.969229533469529,1
"canker_ripe_orange",129,0.15,0.819229533469529,0.969229533469529,1
"canker_ripe_orange",130,0.15,0.819229533469529,0.969229533469529,1
"coffee_leaf_rust",2,0.05,0.849940029697019,0.899940029697019,0.0642671116662952
"coffee_leaf_rust",3,0.05,0.849940029697019,0.899940029697019,0.0909036101707399
"coffee_leaf_rust",4,0.05,0.849940029697019,0.899940029697019,0.123738440004096
"coffee_leaf_rust",5,0.05,0.849940029697019,0.899940029697019,0.159130231939585
"coffee_leaf_rust",6,0.05,0.849940029697019,0.899940029697019,0.195611505172761
"coffee_leaf_rust",7,0.05,0.849940029697019,0.899940029697019,0.232470882398372
"coffee_leaf_rust",8,0.05,0.849940029697019,0.899940029697019,0.269279182481868
"coffee_leaf_rust",9,0.05,0.849940029697019,0.899940029697019,0.305736646651285
"coffee_leaf_rust",10,0.05,0.849940029697019,0.899940029697019,0.341616657240082
"coffee_leaf_rust",11,0.05,0.849940029697019,0.899940029697019,0.37674153903718
"coffee_leaf_rust",12,0.05,0.849940029697019,0.899940029697019,0.410970373021311
"coffee_leaf_rust",13,0.05,0.849940029697019,0.899940029697019,0.44419183630966
"coffee_leaf_rust",14,0.05,0.849940029697019,0.899940029697019,0.476319378867901
"coffee_leaf_rust",15,0.05,0.849940029697019,0.899940029697019,0.507287607951281
"coffee_leaf_rust",16,0.05,0.849940029697019,0.899940029697019,0.537049369343798
"coffee_leaf_rust",17,0.05,0.849940029697019,0.899940029697019,0.565573277964557
"coffee_leaf_rust",18,0.05,0.849940029697019,0.899940029697019,0.592841569814622
"coffee_leaf_rust",19,0.05,0.849940029697019,0.899940029697019,0.618848204261183
"coffee_leaf_rust",20,0.05,0.849940029697019,0.899940029697019,0.643597174082485
"coffee_leaf_rust",21,0.05,0.849940029697019,0.899940029697019,0.667100995430581
"coffee_leaf_rust",22,0.05,0.849940029697019,0.899940029697019,0.689379357790563
"coffee_leaf_rust",23,0.05,0.849940029697019,0.899940029697019,0.710457918417875
"coffee_leaf_rust",24,0.05,0.849940029697019,0.899940029697019,0.730367228343146
"coffee_leaf_rust",25,0.05,0.849940029697019,0.899940029697019,0.749141778615344
"coffee_leaf_rust",26,0.05,0.849940029697019,0.899940029697019,0.766819156547298
"coffee_leaf_rust",27,0.05,0.849940029697019,0.899940029697019,0.78343930251929
"coffee_leaf_rust",28,0.05,0.849940029697019,0.899940029697019,0.799043858541903
"coffee_leaf_rust",29,0.05,0.849940029697019,0.899940029697019,0.813675600342547
"coffee_leaf_rust",30,0.05,0.849940029697019,0.899940029697019,0.827377945259337
"coffee_leaf_rust",31,0.05,0.849940029697019,0.899940029697019,0.840194528720717
"coffee_leaf_rust",32,0.05,0.849940029697019,0.899940029697019,0.852168842566157
"coffee_leaf_rust",33,0.05,0.849940029697019,0.899940029697019,0.863343928934468
"coffee_leaf_rust",34,0.05,0.849940029697019,0.899940029697019,0.873762123881729
"coffee_leaf_rust",35,0.05,0.849940029697019,0.899940029697019,0.883464845356386
"coffee_leaf_rust",36,0.05,0.849940029697019,0.899940029697019,0.892492420556353
"coffee_leaf_rust",37,0.05,0.849940029697019,0.899940029697019,0.900883948114279
"coffee_leaf_rust",38,0.05,0.849940029697019,0.899940029697019,0.908677190939923
"coffee_leaf_rust",39,0.05,0.849940029697019,0.899940029697019,0.915908495917793
"coffee_leaf_rust",40,0.05,0.849940029697019,0.899940029697019,0.922612737005654
"coffee_leaf_rust",41,0.05,0.849940029697019,0.899940029697019,0.928823278606444
"coffee_leaf_rust",42,0.05,0.849940029697019,0.899940029697019,0.934571956392105
"coffee_leaf_rust",43,0.05,0.849940029697019,0.899940029697019,0.939889073042382
"coffee_leaf_rust",44,0.05,0.849940029697019,0.899940029697019,0.944803406626121
"coffee_leaf_rust",45,0.05,0.849940029697019,0.899940029697019,0.94934222959625
"coffee_leaf_rust",46,0.05,0.849940029697019,0.899940029697019,0.953531336594852
"coffee_leaf_rust",47,0.05,0.849940029697019,0.899940029697019,0.957395079469417
"coffee_leaf_rust",48,0.05,0.849940029697019,0.899940029697019,0.960956408094765
"coffee_leaf_rust",49,0.05,0.849940029697019,0.899940029697019,0.964236915752503
"coffee_leaf_rust",50,0.05,0.849940029697019,0.899940029697019,0.967256887998282
"coffee_leaf_rust",51,0.05,0.849940029697019,0.899940029697019,0.970035354065567
"coffee_leaf_rust",52,0.05,0.849940029697019,0.899940029697019,0.972590139994632
"coffee_leaf_rust",53,0.05,0.849940029697019,0.899940029697019,0.974937922785469
"coffee_leaf_rust",54,0.05,0.849940029697019,0.899940029697019,0.977094284976143
"coffee_leaf_rust",55,0.05,0.849940029697019,0.899940029697019,0.97907376913902
"coffee_leaf_rust",56,0.05,0.849940029697019,0.899940029697019,0.980889931868868
"coffee_leaf_rust",57,0.05,0.849940029697019,0.899940029697019,0.982555396908894
"coffee_leaf_rust",58,0.05,0.849940029697019,0.899940029697019,0.984081907123844
"coffee_leaf_rust",59,0.05,0.849940029697019,0.899940029697019,0.985480375085768
"coffee_leaf_rust",60,0.05,0.849940029697019,0.899940029697019,0.986760932087183
"coffee_leaf_rust",61,0.05,0.849940029697019,0.899940029697019,0.987932975438229
"coffee_leaf_rust",62,0.05,0.849940029697019,0.899940029697019,0.989005213942671
"coffee_leaf_rust",63,0.05,0.849940029697019,0.899940029697019,0.989985711479228
"coffee_leaf_rust",64,0.05,0.849940029697019,0.899940029697019,0.990881928641879
"coffee_leaf_rust",65,0.05,0.849940029697019,0.899940029697019,0.991700762416683
"coffee_leaf_rust",66,0.05,0.849940029697019,0.899940029697019,0.992448583892879
"coffee_leaf_rust",67,0.05,0.849940029697019,0.899940029697019,0.993131274021691
"coffee_leaf_rust",68,0.05,0.849940029697019,0.899940029697019,0.99375425745112
"coffee_leaf_rust",69,0.05,0.849940029697019,0.899940029697019,0.994322534475877
"coffee_leaf_rust",70,0.05,0.849940029697019,0.899940029697019,0.994840711151236
"coffee_leaf_rust",71,0.05,0.849940029697019,0.899940029697019,0.995313027625398
"coffee_leaf_rust",72,0.05,0.849940029697019,0.899940029697019,0.995743384755194
"coffee_leaf_rust",73,0.05,0.849940029697019,0.899940029697019,0.99613536906366
"coffee_leaf_rust",74,0.05,0.849940029697019,0.899940029697019,0.996492276116669
"coffee_leaf_rust",75,0.05,0.849940029697019,0.899940029697019,0.996817132383022
"coffee_leaf_rust",76,0.05,0.849940029697019,0.899940029697019,0.997112715650985
"coffee_leaf_rust",77,0.05,0.849940029697019,0.899940029697019,0.997381574073583
"coffee_leaf_rust",78,0.05,0.849940029697019,0.899940029697019,0.997626043912595
"coffee_leaf_rust",79,0.05,0.849940029697019,0.899940029697019,0.997848266052876
"coffee_leaf_rust",80,0.05,0.849940029697019,0.899940029697019,0.998050201353971
"coffee_leaf_rust",81,0.05,0.849940029697019,0.899940029697019,0.998233644907967
"coffee_leaf_rust",82,0.05,0.849940029697019,0.899940029697019,0.998400239266904
"coffee_leaf_rust",83,0.05,0.849940029697019,0.899940029697019,0.998551486704132
"coffee_leaf_rust",84,0.05,0.849940029697019,0.899940029697019,0.998688760568514
"coffee_leaf_rust",85,0.05,0.849940029697019,0.899940029697019,0.998813315790303
"coffee_leaf_rust",86,0.05,0.849940029697019,0.899940029697019,0.998926298593832
"coffee_leaf_rust",87,0.05,0.849940029697019,0.899940029697019,0.999028755469502
"coffee_leaf_rust",88,0.05,0.849940029697019,0.899940029697019,0.999121641454926
"coffee_leaf_rust",89,0.05,0.849940029697019,0.899940029697019,0.999205827773385
"coffee_leaf_rust",90,0.05,0.849940029697019,0.899940029697019,0.999282108873726
"coffee_leaf_rust",91,0.05,0.849940029697019,0.899940029697019,0.999351208914404
"coffee_leaf_rust",92,0.05,0.849940029697019,0.899940029697019,0.999413787731272
"coffee_leaf_rust",93,0.05,0.849940029697019,0.899940029697019,0.99947044632713
"coffee_leaf_rust",94,0.05,0.849940029697019,0.899940029697019,0.999521731917788
"coffee_leaf_rust",95,0.05,0.849940029697019,0.899940029697019,0.999568142567148
"coffee_leaf_rust",96,0.05,0.849940029697019,0.899940029697019,0.99961013144363
"coffee_leaf_rust",97,0.05,0.849940029697019,0.899940029697019,0.999648110725138
"coffee_leaf_rust",98,0.05,0.849940029697019,0.899940029697019,0.999682455180523
"coffee_leaf_rust",99,0.05,0.849940029697019,0.899940029697019,0.999713505452207
"coffee_leaf_rust",100,0.05,0.849940029697019,0.899940029697019,0.999741571062933
"coffee_leaf_rust",101,0.05,0.849940029697019,0.899940029697019,0.999766933169835
"coffee_leaf_rust",102,0.05,0.849940029697019,0.899940029697019,0.999789847083339
"coffee_leaf_rust",103,0.05,0.849940029697019,0.899940029697019,0.999810544572819
"coffee_leaf_rust",104,0.05,0.849940029697019,0.899940029697019,0.999829235973269
"coffee_leaf_rust",105,0.05,0.849940029697019,0.899940029697019,0.999846112111264
"coffee_leaf_rust",106,0.05,0.849940029697019,0.899940029697019,0.999861346064046
"coffee_leaf_rust",107,0.05,0.849940029697019,0.899940029697019,0.99987509476535
"coffee_leaf_rust",108,0.05,0.849940029697019,0.899940029697019,0.999887500471363
"coffee_leaf_rust",109,0.05,0.849940029697019,0.899940029697019,0.999898692097596
"coffee_leaf_rust",110,0.05,0.849940029697019,0.899940029697019,0.99990878643849
"coffee_leaf_rust",111,0.05,0.849940029697019,0.899940029697019,0.999917889278478
"coffee_leaf_rust",112,0.05,0.849940029697019,0.899940029697019,0.999926096404967
"coffee_leaf_rust",113,0.05,0.849940029697019,0.899940029697019,0.999933494530322
"coffee_leaf_rust",114,0.05,0.849940029697019,0.899940029697019,0.999940162132066
"coffee_leaf_rust",115,0.05,0.849940029697019,0.899940029697019,0.999946170216618
"coffee_leaf_rust",116,0.05,0.849940029697019,0.899940029697019,0.999951583015142
"coffee_leaf_rust",117,0.05,0.849940029697019,0.899940029697019,0.999956458615601
"coffee_leaf_rust",118,0.05,0.849940029697019,0.899940029697019,0.999960849537792
"coffee_leaf_rust",119,0.05,0.849940029697019,0.899940029697019,0.999964803256031
"coffee_leaf_rust",120,0.05,0.849940029697019,0.899940029697019,0.99996836267365
"coffee_leaf_rust",121,0.05,0.849940029697019,0.899940029697019,0.999971566554572
"coffee_leaf_rust",122,0.05,0.849940029697019,0.899940029697019,0.999974449914353
"coffee_leaf_rust",123,0.05,0.849940029697019,0.899940029697019,0.99997704437597
"coffee_leaf_rust",124,0.05,0.849940029697019,0.899940029697019,0.99997937849213
"coffee_leaf_rust",125,0.05,0.849940029697019,0.899940029697019,0.999981478037752
"coffee_leaf_rust",126,0.05,0.849940029697019,0.899940029697019,0.999983366275257
"coffee_leaf_rust",127,0.05,0.849940029697019,0.899940029697019,0.99998506419524
"coffee_leaf_rust",128,0.05,0.849940029697019,0.899940029697019,0.999986590734041
"coffee_leaf_rust",129,0.05,0.849940029697019,0.899940029697019,0.999987962971738
"coffee_leaf_rust",130,0.05,0.849940029697019,0.899940029697019,0.999989196310664
"coffee_leaf_rust",2,0.1,0.849940029697019,0.949940029697019,0.129681201042474
"coffee_leaf_rust",3,0.1,0.849940029697019,0.949940029697019,0.304773305028477
"coffee_leaf_rust",4,0.1,0.849940029697019,0.949940029697019,0.513473600095041
"coffee_leaf_rust",5,0.1,0.849940029697019,0.949940029697019,0.689292435663284
"coffee_leaf_rust",6,0.1,0.849940029697019,0.949940029697019,0.813652462086355
"coffee_leaf_rust",7,0.1,0.849940029697019,0.949940029697019,0.893233559512439
"coffee_leaf_rust",8,0.1,0.849940029697019,0.949940029697019,0.940943531871032
"coffee_leaf_rust",9,0.1,0.849940029697019,0.949940029697019,0.968242656814327
"coffee_leaf_rust",10,0.1,0.849940029697019,0.949940029697019,0.983316871505081
"coffee_leaf_rust",11,0.1,0.849940029697019,0.949940029697019,0.991407587632717
"coffee_leaf_rust",12,0.1,0.849940029697019,0.949940029697019,0.995649555085201
"coffee_leaf_rust",13,0.1,0.849940029697019,0.949940029697019,0.997830025248334
"coffee_leaf_rust",14,0.1,0.849940029697019,0.949940029697019,0.998931886816197
"coffee_leaf_rust",15,0.1,0.849940029697019,0.949940029697019,0.999480451507885
"coffee_leaf_rust",16,0.1,0.849940029697019,0.949940029697019,0.999749974748893
"coffee_leaf_rust",17,0.1,0.849940029697019,0.949940029697019,0.999880844393086
"coffee_leaf_rust",18,0.1,0.849940029697019,0.949940029697019,0.999943716704367
"coffee_leaf_rust",19,0.1,0.849940029697019,0.949940029697019,0.999973631183696
"coffee_leaf_rust",20,0.1,0.849940029697019,0.949940029697019,0.999987739198704
"coffee_leaf_rust",21,0.1,0.849940029697019,0.949940029697019,0.999994338888126
"coffee_leaf_rust",22,0.1,0.849940029697019,0.949940029697019,0.999997403137367
"coffee_leaf_rust",23,0.1,0.849940029697019,0.949940029697019,0.999998816013387
"coffee_leaf_rust",24,0.1,0.849940029697019,0.949940029697019,0.999999463262872
"coffee_leaf_rust",25,0.1,0.849940029697019,0.949940029697019,0.999999757984666
"coffee_leaf_rust",26,0.1,0.849940029697019,0.949940029697019,0.999999891426136
"coffee_leaf_rust",27,0.1,0.849940029697019,0.949940029697019,0.999999951523535
"coffee_leaf_rust",28,0.1,0.849940029697019,0.949940029697019,0.99999997845379
"coffee_leaf_rust",29,0.1,0.849940029697019,0.949940029697019,0.999999990464456
"coffee_leaf_rust",30,0.1,0.849940029697019,0.949940029697019,0.999999995797098
"coffee_leaf_rust",31,0.1,0.849940029697019,0.949940029697019,0.999999998154701
"coffee_leaf_rust",32,0.1,0.849940029697019,0.949940029697019,0.999999999192809
"coffee_leaf_rust",33,0.1,0.849940029697019,0.949940029697019,0.999999999648155
"coffee_leaf_rust",34,0.1,0.849940029697019,0.949940029697019,0.999999999847153
"coffee_leaf_rust",35,0.1,0.849940029697019,0.949940029697019,0.999999999933817
"coffee_leaf_rust",36,0.1,0.849940029697019,0.949940029697019,0.999999999971431
"coffee_leaf_rust",37,0.1,0.849940029697019,0.949940029697019,0.999999999987704
"coffee_leaf_rust",38,0.1,0.849940029697019,0.949940029697019,0.999999999994723
"coffee_leaf_rust",39,0.1,0.849940029697019,0.949940029697019,0.999999999997742
"coffee_leaf_rust",40,0.1,0.849940029697019,0.949940029697019,0.999999999999036
"coffee_leaf_rust",41,0.1,0.849940029697019,0.949940029697019,0.99999999999959
"coffee_leaf_rust",42,0.1,0.849940029697019,0.949940029697019,0.999999999999826
"coffee_leaf_rust",43,0.1,0.849940029697019,0.949940029697019,0.999999999999926
"coffee_leaf_rust",44,0.1,0.849940029697019,0.949940029697019,0.999999999999969
"coffee_leaf_rust",45,0.1,0.849940029697019,0.949940029697019,0.999999999999987
"coffee_leaf_rust",46,0.1,0.849940029697019,0.949940029697019,0.999999999999994
"coffee_leaf_rust",47,0.1,0.849940029697019,0.949940029697019,0.999999999999998
"coffee_leaf_rust",48,0.1,0.849940029697019,0.949940029697019,0.999999999999999
"coffee_leaf_rust",49,0.1,0.849940029697019,0.949940029697019,1
"coffee_leaf_rust",50,0.1,0.849940029697019,0.949940029697019,1
"coffee_leaf_rust",51,0.1,0.849940029697019,0.949940029697019,1
"coffee_leaf_rust",52,0.1,0.849940029697019,0.949940029697019,1
"coffee_leaf_rust",53,0.1,0.849940029697019,0.949940029697019,1
"coffee_leaf_rust",54,0.1,0.849940029697019,0.949940029697019,1
"coffee_leaf_rust",55,0.1,0.849940029697019,0.949940029697019,1
"coffee_leaf_rust",56,0.1,0.849940029697019,0.949940029697019,1
"coffee_leaf_rust",57,0.1,0.849940029697019,0.949940029697019,1
"coffee_leaf_rust",58,0.1,0.849940029697019,0.949940029697019,1
"coffee_leaf_rust",59,0.1,0.849940029697019,0.949940029697019,1
"coffee_leaf_rust",60,0.1,0.849940029697019,0.949940029697019,1
"coffee_leaf_rust",61,0.1,0.849940029697019,0.949940029697019,1
"coffee_leaf_rust",62,0.1,0.849940029697019,0.949940029697019,1
"coffee_leaf_rust",63,0.1,0.849940029697019,0.949940029697019,1
"coffee_leaf_rust",64,0.1,0.849940029697019,0.949940029697019,1
"coffee_leaf_rust",65,0.1,0.849940029697019,0.949940029697019,1
"coffee_leaf_rust",66,0.1,0.849940029697019,0.949940029697019,1
"coffee_leaf_rust",67,0.1,0.849940029697019,0.949940029697019,1
"coffee_leaf_rust",68,0.1,0.849940029697019,0.949940029697019,1
"coffee_leaf_rust",69,0.1,0.849940029697019,0.949940029697019,1
"coffee_leaf_rust",70,0.1,0.849940029697019,0.949940029697019,1
"coffee_leaf_rust",71,0.1,0.849940029697019,0.949940029697019,1
"coffee_leaf_rust",72,0.1,0.849940029697019,0.949940029697019,1
"coffee_leaf_rust",73,0.1,0.849940029697019,0.949940029697019,1
"coffee_leaf_rust",74,0.1,0.849940029697019,0.949940029697019,1
"coffee_leaf_rust",75,0.1,0.849940029697019,0.949940029697019,1
"coffee_leaf_rust",76,0.1,0.849940029697019,0.949940029697019,1
"coffee_leaf_rust",77,0.1,0.849940029697019,0.949940029697019,1
"coffee_leaf_rust",78,0.1,0.849940029697019,0.949940029697019,1
"coffee_leaf_rust",79,0.1,0.849940029697019,0.949940029697019,1
"coffee_leaf_rust",80,0.1,0.849940029697019,0.949940029697019,1
"coffee_leaf_rust",81,0.1,0.849940029697019,0.949940029697019,1
"coffee_leaf_rust",82,0.1,0.849940029697019,0.949940029697019,1
"coffee_leaf_rust",83,0.1,0.849940029697019,0.949940029697019,1
"coffee_leaf_rust",84,0.1,0.849940029697019,0.949940029697019,1
"coffee_leaf_rust",85,0.1,0.849940029697019,0.949940029697019,1
"coffee_leaf_rust",86,0.1,0.849940029697019,0.949940029697019,1
"coffee_leaf_rust",87,0.1,0.849940029697019,0.949940029697019,1
"coffee_leaf_rust",88,0.1,0.849940029697019,0.949940029697019,1
"coffee_leaf_rust",89,0.1,0.849940029697019,0.949940029697019,1
"coffee_leaf_rust",90,0.1,0.849940029697019,0.949940029697019,1
"coffee_leaf_rust",91,0.1,0.849940029697019,0.949940029697019,1
"coffee_leaf_rust",92,0.1,0.849940029697019,0.949940029697019,1
"coffee_leaf_rust",93,0.1,0.849940029697019,0.949940029697019,1
"coffee_leaf_rust",94,0.1,0.849940029697019,0.949940029697019,1
"coffee_leaf_rust",95,0.1,0.849940029697019,0.949940029697019,1
"coffee_leaf_rust",96,0.1,0.849940029697019,0.949940029697019,1
"coffee_leaf_rust",97,0.1,0.849940029697019,0.949940029697019,1
"coffee_leaf_rust",98,0.1,0.849940029697019,0.949940029697019,1
"coffee_leaf_rust",99,0.1,0.849940029697019,0.949940029697019,1
"coffee_leaf_rust",100,0.1,0.849940029697019,0.949940029697019,1
"coffee_leaf_rust",101,0.1,0.849940029697019,0.949940029697019,1
"coffee_leaf_rust",102,0.1,0.849940029697019,0.949940029697019,1
"coffee_leaf_rust",103,0.1,0.849940029697019,0.949940029697019,1
"coffee_leaf_rust",104,0.1,0.849940029697019,0.949940029697019,1
"coffee_leaf_rust",105,0.1,0.849940029697019,0.949940029697019,1
"coffee_leaf_rust",106,0.1,0.849940029697019,0.949940029697019,1
"coffee_leaf_rust",107,0.1,0.849940029697019,0.949940029697019,1
"coffee_leaf_rust",108,0.1,0.849940029697019,0.949940029697019,1
"coffee_leaf_rust",109,0.1,0.849940029697019,0.949940029697019,1
"coffee_leaf_rust",110,0.1,0.849940029697019,0.949940029697019,1
"coffee_leaf_rust",111,0.1,0.849940029697019,0.949940029697019,1
"coffee_leaf_rust",112,0.1,0.849940029697019,0.949940029697019,1
"coffee_leaf_rust",113,0.1,0.849940029697019,0.949940029697019,1
"coffee_leaf_rust",114,0.1,0.849940029697019,0.949940029697019,1
"coffee_leaf_rust",115,0.1,0.849940029697019,0.949940029697019,1
"coffee_leaf_rust",116,0.1,0.849940029697019,0.949940029697019,1
"coffee_leaf_rust",117,0.1,0.849940029697019,0.949940029697019,1
"coffee_leaf_rust",118,0.1,0.849940029697019,0.949940029697019,1
"coffee_leaf_rust",119,0.1,0.849940029697019,0.949940029697019,1
"coffee_leaf_rust",120,0.1,0.849940029697019,0.949940029697019,1
"coffee_leaf_rust",121,0.1,0.849940029697019,0.949940029697019,1
"coffee_leaf_rust",122,0.1,0.849940029697019,0.949940029697019,1
"coffee_leaf_rust",123,0.1,0.849940029697019,0.949940029697019,1
"coffee_leaf_rust",124,0.1,0.849940029697019,0.949940029697019,1
"coffee_leaf_rust",125,0.1,0.849940029697019,0.949940029697019,1
"coffee_leaf_rust",126,0.1,0.849940029697019,0.949940029697019,1
"coffee_leaf_rust",127,0.1,0.849940029697019,0.949940029697019,1
"coffee_leaf_rust",128,0.1,0.849940029697019,0.949940029697019,1
"coffee_leaf_rust",129,0.1,0.849940029697019,0.949940029697019,1
"coffee_leaf_rust",130,0.1,0.849940029697019,0.949940029697019,1
"coffee_leaf_rust",2,0.15,0.849940029697019,0.999940029697019,0.734582184721813
"coffee_leaf_rust",3,0.15,0.849940029697019,0.999940029697019,0.999999620540064
"coffee_leaf_rust",4,0.15,0.849940029697019,0.999940029697019,1
"coffee_leaf_rust",5,0.15,0.849940029697019,0.999940029697019,1
"coffee_leaf_rust",6,0.15,0.849940029697019,0.999940029697019,1
"coffee_leaf_rust",7,0.15,0.849940029697019,0.999940029697019,1
"coffee_leaf_rust",8,0.15,0.849940029697019,0.999940029697019,1
"coffee_leaf_rust",9,0.15,0.849940029697019,0.999940029697019,1
"coffee_leaf_rust",10,0.15,0.849940029697019,0.999940029697019,1
"coffee_leaf_rust",11,0.15,0.849940029697019,0.999940029697019,1
"coffee_leaf_rust",12,0.15,0.849940029697019,0.999940029697019,1
"coffee_leaf_rust",13,0.15,0.849940029697019,0.999940029697019,1
"coffee_leaf_rust",14,0.15,0.849940029697019,0.999940029697019,1
"coffee_leaf_rust",15,0.15,0.849940029697019,0.999940029697019,1
"coffee_leaf_rust",16,0.15,0.849940029697019,0.999940029697019,1
"coffee_leaf_rust",17,0.15,0.849940029697019,0.999940029697019,1
"coffee_leaf_rust",18,0.15,0.849940029697019,0.999940029697019,1
"coffee_leaf_rust",19,0.15,0.849940029697019,0.999940029697019,1
"coffee_leaf_rust",20,0.15,0.849940029697019,0.999940029697019,1
"coffee_leaf_rust",21,0.15,0.849940029697019,0.999940029697019,1
"coffee_leaf_rust",22,0.15,0.849940029697019,0.999940029697019,1
"coffee_leaf_rust",23,0.15,0.849940029697019,0.999940029697019,1
"coffee_leaf_rust",24,0.15,0.849940029697019,0.999940029697019,1
"coffee_leaf_rust",25,0.15,0.849940029697019,0.999940029697019,1
"coffee_leaf_rust",26,0.15,0.849940029697019,0.999940029697019,1
"coffee_leaf_rust",27,0.15,0.849940029697019,0.999940029697019,1
"coffee_leaf_rust",28,0.15,0.849940029697019,0.999940029697019,1
"coffee_leaf_rust",29,0.15,0.849940029697019,0.999940029697019,1
"coffee_leaf_rust",30,0.15,0.849940029697019,0.999940029697019,1
"coffee_leaf_rust",31,0.15,0.849940029697019,0.999940029697019,1
"coffee_leaf_rust",32,0.15,0.849940029697019,0.999940029697019,1
"coffee_leaf_rust",33,0.15,0.849940029697019,0.999940029697019,1
"coffee_leaf_rust",34,0.15,0.849940029697019,0.999940029697019,1
"coffee_leaf_rust",35,0.15,0.849940029697019,0.999940029697019,1
"coffee_leaf_rust",36,0.15,0.849940029697019,0.999940029697019,1
"coffee_leaf_rust",37,0.15,0.849940029697019,0.999940029697019,1
"coffee_leaf_rust",38,0.15,0.849940029697019,0.999940029697019,1
"coffee_leaf_rust",39,0.15,0.849940029697019,0.999940029697019,1
"coffee_leaf_rust",40,0.15,0.849940029697019,0.999940029697019,1
"coffee_leaf_rust",41,0.15,0.849940029697019,0.999940029697019,1
"coffee_leaf_rust",42,0.15,0.849940029697019,0.999940029697019,1
"coffee_leaf_rust",43,0.15,0.849940029697019,0.999940029697019,1
"coffee_leaf_rust",44,0.15,0.849940029697019,0.999940029697019,1
"coffee_leaf_rust",45,0.15,0.849940029697019,0.999940029697019,1
"coffee_leaf_rust",46,0.15,0.849940029697019,0.999940029697019,1
"coffee_leaf_rust",47,0.15,0.849940029697019,0.999940029697019,1
"coffee_leaf_rust",48,0.15,0.849940029697019,0.999940029697019,1
"coffee_leaf_rust",49,0.15,0.849940029697019,0.999940029697019,1
"coffee_leaf_rust",50,0.15,0.849940029697019,0.999940029697019,1
"coffee_leaf_rust",51,0.15,0.849940029697019,0.999940029697019,1
"coffee_leaf_rust",52,0.15,0.849940029697019,0.999940029697019,1
"coffee_leaf_rust",53,0.15,0.849940029697019,0.999940029697019,1
"coffee_leaf_rust",54,0.15,0.849940029697019,0.999940029697019,1
"coffee_leaf_rust",55,0.15,0.849940029697019,0.999940029697019,1
"coffee_leaf_rust",56,0.15,0.849940029697019,0.999940029697019,1
"coffee_leaf_rust",57,0.15,0.849940029697019,0.999940029697019,1
"coffee_leaf_rust",58,0.15,0.849940029697019,0.999940029697019,1
"coffee_leaf_rust",59,0.15,0.849940029697019,0.999940029697019,1
"coffee_leaf_rust",60,0.15,0.849940029697019,0.999940029697019,1
"coffee_leaf_rust",61,0.15,0.849940029697019,0.999940029697019,1
"coffee_leaf_rust",62,0.15,0.849940029697019,0.999940029697019,1
"coffee_leaf_rust",63,0.15,0.849940029697019,0.999940029697019,1
"coffee_leaf_rust",64,0.15,0.849940029697019,0.999940029697019,1
"coffee_leaf_rust",65,0.15,0.849940029697019,0.999940029697019,1
"coffee_leaf_rust",66,0.15,0.849940029697019,0.999940029697019,1
"coffee_leaf_rust",67,0.15,0.849940029697019,0.999940029697019,1
"coffee_leaf_rust",68,0.15,0.849940029697019,0.999940029697019,1
"coffee_leaf_rust",69,0.15,0.849940029697019,0.999940029697019,1
"coffee_leaf_rust",70,0.15,0.849940029697019,0.999940029697019,1
"coffee_leaf_rust",71,0.15,0.849940029697019,0.999940029697019,1
"coffee_leaf_rust",72,0.15,0.849940029697019,0.999940029697019,1
"coffee_leaf_rust",73,0.15,0.849940029697019,0.999940029697019,1
"coffee_leaf_rust",74,0.15,0.849940029697019,0.999940029697019,1
"coffee_leaf_rust",75,0.15,0.849940029697019,0.999940029697019,1
"coffee_leaf_rust",76,0.15,0.849940029697019,0.999940029697019,1
"coffee_leaf_rust",77,0.15,0.849940029697019,0.999940029697019,1
"coffee_leaf_rust",78,0.15,0.849940029697019,0.999940029697019,1
"coffee_leaf_rust",79,0.15,0.849940029697019,0.999940029697019,1
"coffee_leaf_rust",80,0.15,0.849940029697019,0.999940029697019,1
"coffee_leaf_rust",81,0.15,0.849940029697019,0.999940029697019,1
"coffee_leaf_rust",82,0.15,0.849940029697019,0.999940029697019,1
"coffee_leaf_rust",83,0.15,0.849940029697019,0.999940029697019,1
"coffee_leaf_rust",84,0.15,0.849940029697019,0.999940029697019,1
"coffee_leaf_rust",85,0.15,0.849940029697019,0.999940029697019,1
"coffee_leaf_rust",86,0.15,0.849940029697019,0.999940029697019,1
"coffee_leaf_rust",87,0.15,0.849940029697019,0.999940029697019,1
"coffee_leaf_rust",88,0.15,0.849940029697019,0.999940029697019,1
"coffee_leaf_rust",89,0.15,0.849940029697019,0.999940029697019,1
"coffee_leaf_rust",90,0.15,0.849940029697019,0.999940029697019,1
"coffee_leaf_rust",91,0.15,0.849940029697019,0.999940029697019,1
"coffee_leaf_rust",92,0.15,0.849940029697019,0.999940029697019,1
"coffee_leaf_rust",93,0.15,0.849940029697019,0.999940029697019,1
"coffee_leaf_rust",94,0.15,0.849940029697019,0.999940029697019,1
"coffee_leaf_rust",95,0.15,0.849940029697019,0.999940029697019,1
"coffee_leaf_rust",96,0.15,0.849940029697019,0.999940029697019,1
"coffee_leaf_rust",97,0.15,0.849940029697019,0.999940029697019,1
"coffee_leaf_rust",98,0.15,0.849940029697019,0.999940029697019,1
"coffee_leaf_rust",99,0.15,0.849940029697019,0.999940029697019,1
"coffee_leaf_rust",100,0.15,0.849940029697019,0.999940029697019,1
"coffee_leaf_rust",101,0.15,0.849940029697019,0.999940029697019,1
"coffee_leaf_rust",102,0.15,0.849940029697019,0.999940029697019,1
"coffee_leaf_rust",103,0.15,0.849940029697019,0.999940029697019,1
"coffee_leaf_rust",104,0.15,0.849940029697019,0.999940029697019,1
"coffee_leaf_rust",105,0.15,0.849940029697019,0.999940029697019,1
"coffee_leaf_rust",106,0.15,0.849940029697019,0.999940029697019,1
"coffee_leaf_rust",107,0.15,0.849940029697019,0.999940029697019,1
"coffee_leaf_rust",108,0.15,0.849940029697019,0.999940029697019,1
"coffee_leaf_rust",109,0.15,0.849940029697019,0.999940029697019,1
"coffee_leaf_rust",110,0.15,0.849940029697019,0.999940029697019,1
"coffee_leaf_rust",111,0.15,0.849940029697019,0.999940029697019,1
"coffee_leaf_rust",112,0.15,0.849940029697019,0.999940029697019,1
"coffee_leaf_rust",113,0.15,0.849940029697019,0.999940029697019,1
"coffee_leaf_rust",114,0.15,0.849940029697019,0.999940029697019,1
"coffee_leaf_rust",115,0.15,0.849940029697019,0.999940029697019,1
"coffee_leaf_rust",116,0.15,0.849940029697019,0.999940029697019,1
"coffee_leaf_rust",117,0.15,0.849940029697019,0.999940029697019,1
"coffee_leaf_rust",118,0.15,0.849940029697019,0.999940029697019,1
"coffee_leaf_rust",119,0.15,0.849940029697019,0.999940029697019,1
"coffee_leaf_rust",120,0.15,0.849940029697019,0.999940029697019,1
"coffee_leaf_rust",121,0.15,0.849940029697019,0.999940029697019,1
"coffee_leaf_rust",122,0.15,0.849940029697019,0.999940029697019,1
"coffee_leaf_rust",123,0.15,0.849940029697019,0.999940029697019,1
"coffee_leaf_rust",124,0.15,0.849940029697019,0.999940029697019,1
"coffee_leaf_rust",125,0.15,0.849940029697019,0.999940029697019,1
"coffee_leaf_rust",126,0.15,0.849940029697019,0.999940029697019,1
"coffee_leaf_rust",127,0.15,0.849940029697019,0.999940029697019,1
"coffee_leaf_rust",128,0.15,0.849940029697019,0.999940029697019,1
"coffee_leaf_rust",129,0.15,0.849940029697019,0.999940029697019,1
"coffee_leaf_rust",130,0.15,0.849940029697019,0.999940029697019,1
"pecan_scab",2,0.05,0.78727930005409,0.83727930005409,0.0561491218047666
"pecan_scab",3,0.05,0.78727930005409,0.83727930005409,0.067360387777746
"pecan_scab",4,0.05,0.78727930005409,0.83727930005409,0.0808908649231587
"pecan_scab",5,0.05,0.78727930005409,0.83727930005409,0.0953402303347356
"pecan_scab",6,0.05,0.78727930005409,0.83727930005409,0.110234482734096
"pecan_scab",7,0.05,0.78727930005409,0.83727930005409,0.125388769690859
"pecan_scab",8,0.05,0.78727930005409,0.83727930005409,0.140713032425802
"pecan_scab",9,0.05,0.78727930005409,0.83727930005409,0.15615322976824
"pecan_scab",10,0.05,0.78727930005409,0.83727930005409,0.17167115461902
"pecan_scab",11,0.05,0.78727930005409,0.83727930005409,0.187236588909934
"pecan_scab",12,0.05,0.78727930005409,0.83727930005409,0.202823914398325
"pecan_scab",13,0.05,0.78727930005409,0.83727930005409,0.218410510093428
"pecan_scab",14,0.05,0.78727930005409,0.83727930005409,0.233975931273696
"pecan_scab",15,0.05,0.78727930005409,0.83727930005409,0.24950145622564
"pecan_scab",16,0.05,0.78727930005409,0.83727930005409,0.264969816941095
"pecan_scab",17,0.05,0.78727930005409,0.83727930005409,0.280365026858596
"pecan_scab",18,0.05,0.78727930005409,0.83727930005409,0.295672262220533
"pecan_scab",19,0.05,0.78727930005409,0.83727930005409,0.310877774336102
"pecan_scab",20,0.05,0.78727930005409,0.83727930005409,0.325968820378189
"pecan_scab",21,0.05,0.78727930005409,0.83727930005409,0.340933605736938
"pecan_scab",22,0.05,0.78727930005409,0.83727930005409,0.355761233873134
"pecan_scab",23,0.05,0.78727930005409,0.83727930005409,0.370441661247595
"pecan_scab",24,0.05,0.78727930005409,0.83727930005409,0.384965655851344
"pecan_scab",25,0.05,0.78727930005409,0.83727930005409,0.399324758397756
"pecan_scab",26,0.05,0.78727930005409,0.83727930005409,0.41351124560645
"pecan_scab",27,0.05,0.78727930005409,0.83727930005409,0.427518095185631
"pecan_scab",28,0.05,0.78727930005409,0.83727930005409,0.441338952267508
"pecan_scab",29,0.05,0.78727930005409,0.83727930005409,0.454968097128644
"pecan_scab",30,0.05,0.78727930005409,0.83727930005409,0.468400414081215
"pecan_scab",31,0.05,0.78727930005409,0.83727930005409,0.481631361455989
"pecan_scab",32,0.05,0.78727930005409,0.83727930005409,0.494656942620301
"pecan_scab",33,0.05,0.78727930005409,0.83727930005409,0.507473677989344
"pecan_scab",34,0.05,0.78727930005409,0.83727930005409,0.520078577998678
"pecan_scab",35,0.05,0.78727930005409,0.83727930005409,0.532469117011204
"pecan_scab",36,0.05,0.78727930005409,0.83727930005409,0.544643208142001
"pecan_scab",37,0.05,0.78727930005409,0.83727930005409,0.556599178969389
"pecan_scab",38,0.05,0.78727930005409,0.83727930005409,0.568335748130028
"pecan_scab",39,0.05,0.78727930005409,0.83727930005409,0.579852002769692
"pecan_scab",40,0.05,0.78727930005409,0.83727930005409,0.591147376837305
"pecan_scab",41,0.05,0.78727930005409,0.83727930005409,0.602221630204783
"pecan_scab",42,0.05,0.78727930005409,0.83727930005409,0.613074828595958
"pecan_scab",43,0.05,0.78727930005409,0.83727930005409,0.62370732430743
"pecan_scab",44,0.05,0.78727930005409,0.83727930005409,0.634119737704136
"pecan_scab",45,0.05,0.78727930005409,0.83727930005409,0.644312939471883
"pecan_scab",46,0.05,0.78727930005409,0.83727930005409,0.654288033609159
"pecan_scab",47,0.05,0.78727930005409,0.83727930005409,0.664046341139931
"pecan_scab",48,0.05,0.78727930005409,0.83727930005409,0.673589384529164
"pecan_scab",49,0.05,0.78727930005409,0.83727930005409,0.682918872782532
"pecan_scab",50,0.05,0.78727930005409,0.83727930005409,0.692036687211718
"pecan_scab",51,0.05,0.78727930005409,0.83727930005409,0.700944867846568
"pecan_scab",52,0.05,0.78727930005409,0.83727930005409,0.709645600474423
"pecan_scab",53,0.05,0.78727930005409,0.83727930005409,0.718141204293015
"pecan_scab",54,0.05,0.78727930005409,0.83727930005409,0.726434120146005
"pecan_scab",55,0.05,0.78727930005409,0.83727930005409,0.734526899338338
"pecan_scab",56,0.05,0.78727930005409,0.83727930005409,0.74242219300138
"pecan_scab",57,0.05,0.78727930005409,0.83727930005409,0.750122741994195
"pecan_scab",58,0.05,0.78727930005409,0.83727930005409,0.757631367321854
"pecan_scab",59,0.05,0.78727930005409,0.83727930005409,0.764950961053021
"pecan_scab",60,0.05,0.78727930005409,0.83727930005409,0.772084477719364
"pecan_scab",61,0.05,0.78727930005409,0.83727930005409,0.77903492617894
"pecan_scab",62,0.05,0.78727930005409,0.83727930005409,0.785805361926834
"pecan_scab",63,0.05,0.78727930005409,0.83727930005409,0.792398879836302
"pecan_scab",64,0.05,0.78727930005409,0.83727930005409,0.79881860731374
"pecan_scab",65,0.05,0.78727930005409,0.83727930005409,0.80506769785139
"pecan_scab",66,0.05,0.78727930005409,0.83727930005409,0.811149324962371
"pecan_scab",67,0.05,0.78727930005409,0.83727930005409,0.81706667648216
"pecan_scab",68,0.05,0.78727930005409,0.83727930005409,0.822822949221776
"pecan_scab",69,0.05,0.78727930005409,0.83727930005409,0.828421343957917
"pecan_scab",70,0.05,0.78727930005409,0.83727930005409,0.833865060746044
"pecan_scab",71,0.05,0.78727930005409,0.83727930005409,0.839157294541942
"pecan_scab",72,0.05,0.78727930005409,0.83727930005409,0.844301231118808
"pecan_scab",73,0.05,0.78727930005409,0.83727930005409,0.849300043266639
"pecan_scab",74,0.05,0.78727930005409,0.83727930005409,0.85415688726013
"pecan_scab",75,0.05,0.78727930005409,0.83727930005409,0.858874899587656
"pecan_scab",76,0.05,0.78727930005409,0.83727930005409,0.863457193918023
"pecan_scab",77,0.05,0.78727930005409,0.83727930005409,0.867906858308125
"pecan_scab",78,0.05,0.78727930005409,0.83727930005409,0.872226952629186
"pecan_scab",79,0.05,0.78727930005409,0.83727930005409,0.876420506205993
"pecan_scab",80,0.05,0.78727930005409,0.83727930005409,0.880490515656407
"pecan_scab",81,0.05,0.78727930005409,0.83727930005409,0.884439942922745
"pecan_scab",82,0.05,0.78727930005409,0.83727930005409,0.888271713483804
"pecan_scab",83,0.05,0.78727930005409,0.83727930005409,0.89198871473957
"pecan_scab",84,0.05,0.78727930005409,0.83727930005409,0.895593794558245
"pecan_scab",85,0.05,0.78727930005409,0.83727930005409,0.899089759977768
"pecan_scab",86,0.05,0.78727930005409,0.83727930005409,0.902479376053322
"pecan_scab",87,0.05,0.78727930005409,0.83727930005409,0.905765364842621
"pecan_scab",88,0.05,0.78727930005409,0.83727930005409,0.908950404521056
"pecan_scab",89,0.05,0.78727930005409,0.83727930005409,0.912037128620005
"pecan_scab",90,0.05,0.78727930005409,0.83727930005409,0.91502812538047
"pecan_scab",91,0.05,0.78727930005409,0.83727930005409,0.917925937215602
"pecan_scab",92,0.05,0.78727930005409,0.83727930005409,0.920733060275303
"pecan_scab",93,0.05,0.78727930005409,0.83727930005409,0.923451944107191
"pecan_scab",94,0.05,0.78727930005409,0.83727930005409,0.926084991407513
"pecan_scab",95,0.05,0.78727930005409,0.83727930005409,0.928634557855782
"pecan_scab",96,0.05,0.78727930005409,0.83727930005409,0.931102952029228
"pecan_scab",97,0.05,0.78727930005409,0.83727930005409,0.933492435390115
"pecan_scab",98,0.05,0.78727930005409,0.83727930005409,0.935805222342081
"pecan_scab",99,0.05,0.78727930005409,0.83727930005409,0.938043480350307
"pecan_scab",100,0.05,0.78727930005409,0.83727930005409,0.94020933012056
"pecan_scab",101,0.05,0.78727930005409,0.83727930005409,0.942304845834511
"pecan_scab",102,0.05,0.78727930005409,0.83727930005409,0.944332055434196
"pecan_scab",103,0.05,0.78727930005409,0.83727930005409,0.946292940955448
"pecan_scab",104,0.05,0.78727930005409,0.83727930005409,0.948189438903005
"pecan_scab",105,0.05,0.78727930005409,0.83727930005409,0.950023440666398
"pecan_scab",106,0.05,0.78727930005409,0.83727930005409,0.951796792971423
"pecan_scab",107,0.05,0.78727930005409,0.83727930005409,0.953511298367765
"pecan_scab",108,0.05,0.78727930005409,0.83727930005409,0.955168715741065
"pecan_scab",109,0.05,0.78727930005409,0.83727930005409,0.956770760858075
"pecan_scab",110,0.05,0.78727930005409,0.83727930005409,0.958319106934162
"pecan_scab",111,0.05,0.78727930005409,0.83727930005409,0.959815385222743
"pecan_scab",112,0.05,0.78727930005409,0.83727930005409,0.961261185625363
"pecan_scab",113,0.05,0.78727930005409,0.83727930005409,0.962658057318343
"pecan_scab",114,0.05,0.78727930005409,0.83727930005409,0.964007509395913
"pecan_scab",115,0.05,0.78727930005409,0.83727930005409,0.965311011525236
"pecan_scab",116,0.05,0.78727930005409,0.83727930005409,0.966569994614419
"pecan_scab",117,0.05,0.78727930005409,0.83727930005409,0.967785851488904
"pecan_scab",118,0.05,0.78727930005409,0.83727930005409,0.968959937576453
"pecan_scab",119,0.05,0.78727930005409,0.83727930005409,0.970093571598661
"pecan_scab",120,0.05,0.78727930005409,0.83727930005409,0.971188036266711
"pecan_scab",121,0.05,0.78727930005409,0.83727930005409,0.972244578981762
"pecan_scab",122,0.05,0.78727930005409,0.83727930005409,0.973264412536139
"pecan_scab",123,0.05,0.78727930005409,0.83727930005409,0.974248715817122
"pecan_scab",124,0.05,0.78727930005409,0.83727930005409,0.975198634509698
"pecan_scab",125,0.05,0.78727930005409,0.83727930005409,0.976115281798403
"pecan_scab",126,0.05,0.78727930005409,0.83727930005409,0.976999739067202
"pecan_scab",127,0.05,0.78727930005409,0.83727930005409,0.97785305659674
"pecan_scab",128,0.05,0.78727930005409,0.83727930005409,0.97867625425663
"pecan_scab",129,0.05,0.78727930005409,0.83727930005409,0.979470322195023
"pecan_scab",130,0.05,0.78727930005409,0.83727930005409,0.980236221521102
"pecan_scab",2,0.1,0.78727930005409,0.88727930005409,0.0807034917925981
"pecan_scab",3,0.1,0.78727930005409,0.88727930005409,0.140740117940799
"pecan_scab",4,0.1,0.78727930005409,0.88727930005409,0.216555152128042
"pecan_scab",5,0.1,0.78727930005409,0.88727930005409,0.297159803135114
"pecan_scab",6,0.1,0.78727930005409,0.88727930005409,0.37696227943425
"pecan_scab",7,0.1,0.78727930005409,0.88727930005409,0.453007821036176
"pecan_scab",8,0.1,0.78727930005409,0.88727930005409,0.523691017953101
"pecan_scab",9,0.1,0.78727930005409,0.88727930005409,0.588201062729058
"pecan_scab",10,0.1,0.78727930005409,0.88727930005409,0.646236950142769
"pecan_scab",11,0.1,0.78727930005409,0.88727930005409,0.697834862819031
"pecan_scab",12,0.1,0.78727930005409,0.88727930005409,0.743251959024586
"pecan_scab",13,0.1,0.78727930005409,0.88727930005409,0.782883972007721
"pecan_scab",14,0.1,0.78727930005409,0.88727930005409,0.817205747068925
"pecan_scab",15,0.1,0.78727930005409,0.88727930005409,0.846728469365493
"pecan_scab",16,0.1,0.78727930005409,0.88727930005409,0.871969435837775
"pecan_scab",17,0.1,0.78727930005409,0.88727930005409,0.893431347453113
"pecan_scab",18,0.1,0.78727930005409,0.88727930005409,0.911588803445005
"pecan_scab",19,0.1,0.78727930005409,0.88727930005409,0.926880182043336
"pecan_scab",20,0.1,0.78727930005409,0.88727930005409,0.939703479365735
"pecan_scab",21,0.1,0.78727930005409,0.88727930005409,0.950414987852902
"pecan_scab",22,0.1,0.78727930005409,0.88727930005409,0.959329946777017
"pecan_scab",23,0.1,0.78727930005409,0.88727930005409,0.966724501063229
"pecan_scab",24,0.1,0.78727930005409,0.88727930005409,0.972838468814768
"pecan_scab",25,0.1,0.78727930005409,0.88727930005409,0.977878548834689
"pecan_scab",26,0.1,0.78727930005409,0.88727930005409,0.982021702600338
"pecan_scab",27,0.1,0.78727930005409,0.88727930005409,0.985418525265274
"pecan_scab",28,0.1,0.78727930005409,0.88727930005409,0.988196481607231
"pecan_scab",29,0.1,0.78727930005409,0.88727930005409,0.990462928974959
"pecan_scab",30,0.1,0.78727930005409,0.88727930005409,0.99230788332143
"pecan_scab",31,0.1,0.78727930005409,0.88727930005409,0.993806508932012
"pecan_scab",32,0.1,0.78727930005409,0.88727930005409,0.995021329606352
"pecan_scab",33,0.1,0.78727930005409,0.88727930005409,0.996004170580245
"pecan_scab",34,0.1,0.78727930005409,0.88727930005409,0.996797847781755
"pecan_scab",35,0.1,0.78727930005409,0.88727930005409,0.99743762521858
"pecan_scab",36,0.1,0.78727930005409,0.88727930005409,0.997952463262801
"pecan_scab",37,0.1,0.78727930005409,0.88727930005409,0.998366081005453
"pecan_scab",38,0.1,0.78727930005409,0.88727930005409,0.998697855208442
"pecan_scab",39,0.1,0.78727930005409,0.88727930005409,0.998963577067004
"pecan_scab",40,0.1,0.78727930005409,0.88727930005409,0.999176086291148
"pecan_scab",41,0.1,0.78727930005409,0.88727930005409,0.999345800121702
"pecan_scab",42,0.1,0.78727930005409,0.88727930005409,0.999481152955371
"pecan_scab",43,0.1,0.78727930005409,0.88727930005409,0.999588960357866
"pecan_scab",44,0.1,0.78727930005409,0.88727930005409,0.999674719455539
"pecan_scab",45,0.1,0.78727930005409,0.88727930005409,0.999742856048373
"pecan_scab",46,0.1,0.78727930005409,0.88727930005409,0.999796927298956
"pecan_scab",47,0.1,0.78727930005409,0.88727930005409,0.999839787529126
"pecan_scab",48,0.1,0.78727930005409,0.88727930005409,0.999873723485443
"pecan_scab",49,0.1,0.78727930005409,0.88727930005409,0.999900564432684
"pecan_scab",50,0.1,0.78727930005409,0.88727930005409,0.999921771550327
"pecan_scab",51,0.1,0.78727930005409,0.88727930005409,0.99993851036644
"pecan_scab",52,0.1,0.78727930005409,0.88727930005409,0.999951709326175
"pecan_scab",53,0.1,0.78727930005409,0.88727930005409,0.999962107056125
"pecan_scab",54,0.1,0.78727930005409,0.88727930005409,0.999970290435131
"pecan_scab",55,0.1,0.78727930005409,0.88727930005409,0.999976725204959
"pecan_scab",56,0.1,0.78727930005409,0.88727930005409,0.999981780540818
"pecan_scab",57,0.1,0.78727930005409,0.88727930005409,0.999985748741542
"pecan_scab",58,0.1,0.78727930005409,0.88727930005409,0.999988860984093
"pecan_scab",59,0.1,0.78727930005409,0.88727930005409,0.999991299909317
"pecan_scab",60,0.1,0.78727930005409,0.88727930005409,0.99999320966417
"pecan_scab",61,0.1,0.78727930005409,0.88727930005409,0.999994703900252
"pecan_scab",62,0.1,0.78727930005409,0.88727930005409,0.999995872138257
"pecan_scab",63,0.1,0.78727930005409,0.88727930005409,0.999996784824922
"pecan_scab",64,0.1,0.78727930005409,0.88727930005409,0.99999749734612
"pecan_scab",65,0.1,0.78727930005409,0.88727930005409,0.999998053207781
"pecan_scab",66,0.1,0.78727930005409,0.88727930005409,0.999998486554388
"pecan_scab",67,0.1,0.78727930005409,0.88727930005409,0.999998824160625
"pecan_scab",68,0.1,0.78727930005409,0.88727930005409,0.999999087004754
"pecan_scab",69,0.1,0.78727930005409,0.88727930005409,0.999999291510254
"pecan_scab",70,0.1,0.78727930005409,0.88727930005409,0.999999450524702
"pecan_scab",71,0.1,0.78727930005409,0.88727930005409,0.999999574090639
"pecan_scab",72,0.1,0.78727930005409,0.88727930005409,0.999999670052141
"pecan_scab",73,0.1,0.78727930005409,0.88727930005409,0.999999744531647
"pecan_scab",74,0.1,0.78727930005409,0.88727930005409,0.999999802304404
"pecan_scab",75,0.1,0.78727930005409,0.88727930005409,0.999999847092345
"pecan_scab",76,0.1,0.78727930005409,0.88727930005409,0.999999881794424
"pecan_scab",77,0.1,0.78727930005409,0.88727930005409,0.999999908667111
"pecan_scab",78,0.1,0.78727930005409,0.88727930005409,0.999999929465615
"pecan_scab",79,0.1,0.78727930005409,0.88727930005409,0.999999945554404
"pecan_scab",80,0.1,0.78727930005409,0.88727930005409,0.999999957993497
"pecan_scab",81,0.1,0.78727930005409,0.88727930005409,0.999999967605915
"pecan_scab",82,0.1,0.78727930005409,0.88727930005409,0.999999975030269
"pecan_scab",83,0.1,0.78727930005409,0.88727930005409,0.999999980761807
"pecan_scab",84,0.1,0.78727930005409,0.88727930005409,0.999999985184366
"pecan_scab",85,0.1,0.78727930005409,0.88727930005409,0.999999988595271
"pecan_scab",86,0.1,0.78727930005409,0.88727930005409,0.999999991224708
"pecan_scab",87,0.1,0.78727930005409,0.88727930005409,0.999999993250789
"pecan_scab",88,0.1,0.78727930005409,0.88727930005409,0.999999994811256
"pecan_scab",89,0.1,0.78727930005409,0.88727930005409,0.999999996012578
"pecan_scab",90,0.1,0.78727930005409,0.88727930005409,0.99999999693701
"pecan_scab",91,0.1,0.78727930005409,0.88727930005409,0.999999997648066
"pecan_scab",92,0.1,0.78727930005409,0.88727930005409,0.999999998194766
"pecan_scab",93,0.1,0.78727930005409,0.88727930005409,0.999999998614925
"pecan_scab",94,0.1,0.78727930005409,0.88727930005409,0.999999998937701
"pecan_scab",95,0.1,0.78727930005409,0.88727930005409,0.999999999185564
"pecan_scab",96,0.1,0.78727930005409,0.88727930005409,0.999999999375826
"pecan_scab",97,0.1,0.78727930005409,0.88727930005409,0.999999999521816
"pecan_scab",98,0.1,0.78727930005409,0.88727930005409,0.999999999633791
"pecan_scab",99,0.1,0.78727930005409,0.88727930005409,0.999999999719646
"pecan_scab",100,0.1,0.78727930005409,0.88727930005409,0.999999999785447
"pecan_scab",101,0.1,0.78727930005409,0.88727930005409,0.999999999835862
"pecan_scab",102,0.1,0.78727930005409,0.88727930005409,0.999999999874473
"pecan_scab",103,0.1,0.78727930005409,0.88727930005409,0.999999999904033
"pecan_scab",104,0.1,0.78727930005409,0.88727930005409,0.999999999926657
"pecan_scab",105,0.1,0.78727930005409,0.88727930005409,0.999999999943966
"pecan_scab",106,0.1,0.78727930005409,0.88727930005409,0.999999999957203
"pecan_scab",107,0.1,0.78727930005409,0.88727930005409,0.999999999967324
"pecan_scab",108,0.1,0.78727930005409,0.88727930005409,0.999999999975059
"pecan_scab",109,0.1,0.78727930005409,0.88727930005409,0.999999999980969
"pecan_scab",110,0.1,0.78727930005409,0.88727930005409,0.999999999985483
"pecan_scab",111,0.1,0.78727930005409,0.88727930005409,0.99999999998893
"pecan_scab",112,0.1,0.78727930005409,0.88727930005409,0.999999999991561
"pecan_scab",113,0.1,0.78727930005409,0.88727930005409,0.999999999993568
"pecan_scab",114,0.1,0.78727930005409,0.88727930005409,0.9999999999951
"pecan_scab",115,0.1,0.78727930005409,0.88727930005409,0.999999999996268
"pecan_scab",116,0.1,0.78727930005409,0.88727930005409,0.999999999997158
"pecan_scab",117,0.1,0.78727930005409,0.88727930005409,0.999999999997836
"pecan_scab",118,0.1,0.78727930005409,0.88727930005409,0.999999999998353
"pecan_scab",119,0.1,0.78727930005409,0.88727930005409,0.999999999998747
"pecan_scab",120,0.1,0.78727930005409,0.88727930005409,0.999999999999047
"pecan_scab",121,0.1,0.78727930005409,0.88727930005409,0.999999999999275
"pecan_scab",122,0.1,0.78727930005409,0.88727930005409,0.999999999999449
"pecan_scab",123,0.1,0.78727930005409,0.88727930005409,0.999999999999581
"pecan_scab",124,0.1,0.78727930005409,0.88727930005409,0.999999999999682
"pecan_scab",125,0.1,0.78727930005409,0.88727930005409,0.999999999999758
"pecan_scab",126,0.1,0.78727930005409,0.88727930005409,0.999999999999816
"pecan_scab",127,0.1,0.78727930005409,0.88727930005409,0.999999999999861
"pecan_scab",128,0.1,0.78727930005409,0.88727930005409,0.999999999999894
"pecan_scab",129,0.1,0.78727930005409,0.88727930005409,0.99999999999992
"pecan_scab",130,0.1,0.78727930005409,0.88727930005409,0.999999999999939
"pecan_scab",2,0.15,0.78727930005409,0.93727930005409,0.138392891017332
"pecan_scab",3,0.15,0.78727930005409,0.93727930005409,0.33581013694855
"pecan_scab",4,0.15,0.78727930005409,0.93727930005409,0.56440158102259
"pecan_scab",5,0.15,0.78727930005409,0.93727930005409,0.744407179675093
"pecan_scab",6,0.15,0.78727930005409,0.93727930005409,0.860885965075464
"pecan_scab",7,0.15,0.78727930005409,0.93727930005409,0.928250709464109
"pecan_scab",8,0.15,0.78727930005409,0.93727930005409,0.964475091690386
"pecan_scab",9,0.15,0.78727930005409,0.93727930005409,0.982971212875286
"pecan_scab",10,0.15,0.78727930005409,0.93727930005409,0.992051273681727
"pecan_scab",11,0.15,0.78727930005409,0.93727930005409,0.996371694204185
"pecan_scab",12,0.15,0.78727930005409,0.93727930005409,0.998375276825328
"pecan_scab",13,0.15,0.78727930005409,0.93727930005409,0.999284527807596
"pecan_scab",14,0.15,0.78727930005409,0.93727930005409,0.999689547648599
"pecan_scab",15,0.15,0.78727930005409,0.93727930005409,0.999867053274005
"pecan_scab",16,0.15,0.78727930005409,0.93727930005409,0.999943738295343
"pecan_scab",17,0.15,0.78727930005409,0.93727930005409,0.999976445129808
"pecan_scab",18,0.15,0.78727930005409,0.93727930005409,0.999990234623024
"pecan_scab",19,0.15,0.78727930005409,0.93727930005409,0.999995987749008
"pecan_scab",20,0.15,0.78727930005409,0.93727930005409,0.999998365136024
"pecan_scab",21,0.15,0.78727930005409,0.93727930005409,0.999999338948733
"pecan_scab",22,0.15,0.78727930005409,0.93727930005409,0.999999734611324
"pecan_scab",23,0.15,0.78727930005409,0.93727930005409,0.999999894164693
"pecan_scab",24,0.15,0.78727930005409,0.93727930005409,0.999999958056573
"pecan_scab",25,0.15,0.78727930005409,0.93727930005409,0.99999998347472
"pecan_scab",26,0.15,0.78727930005409,0.93727930005409,0.999999993525085
"pecan_scab",27,0.15,0.78727930005409,0.93727930005409,0.999999997476202
"pecan_scab",28,0.15,0.78727930005409,0.93727930005409,0.999999999021113
"pecan_scab",29,0.15,0.78727930005409,0.93727930005409,0.999999999622103
"pecan_scab",30,0.15,0.78727930005409,0.93727930005409,0.999999999854758
"pecan_scab",31,0.15,0.78727930005409,0.93727930005409,0.999999999944413
"pecan_scab",32,0.15,0.78727930005409,0.93727930005409,0.999999999978811
"pecan_scab",33,0.15,0.78727930005409,0.93727930005409,0.999999999991954
"pecan_scab",34,0.15,0.78727930005409,0.93727930005409,0.999999999996956
"pecan_scab",35,0.15,0.78727930005409,0.93727930005409,0.999999999998852
"pecan_scab",36,0.15,0.78727930005409,0.93727930005409,0.999999999999569
"pecan_scab",37,0.15,0.78727930005409,0.93727930005409,0.999999999999839
"pecan_scab",38,0.15,0.78727930005409,0.93727930005409,0.99999999999994
"pecan_scab",39,0.15,0.78727930005409,0.93727930005409,0.999999999999978
"pecan_scab",40,0.15,0.78727930005409,0.93727930005409,0.999999999999992
"pecan_scab",41,0.15,0.78727930005409,0.93727930005409,0.999999999999997
"pecan_scab",42,0.15,0.78727930005409,0.93727930005409,0.999999999999999
"pecan_scab",43,0.15,0.78727930005409,0.93727930005409,1
"pecan_scab",44,0.15,0.78727930005409,0.93727930005409,1
"pecan_scab",45,0.15,0.78727930005409,0.93727930005409,1
"pecan_scab",46,0.15,0.78727930005409,0.93727930005409,1
"pecan_scab",47,0.15,0.78727930005409,0.93727930005409,1
"pecan_scab",48,0.15,0.78727930005409,0.93727930005409,1
"pecan_scab",49,0.15,0.78727930005409,0.93727930005409,1
"pecan_scab",50,0.15,0.78727930005409,0.93727930005409,1
"pecan_scab",51,0.15,0.78727930005409,0.93727930005409,1
"pecan_scab",52,0.15,0.78727930005409,0.93727930005409,1
"pecan_scab",53,0.15,0.78727930005409,0.93727930005409,1
"pecan_scab",54,0.15,0.78727930005409,0.93727930005409,1
"pecan_scab",55,0.15,0.78727930005409,0.93727930005409,1
"pecan_scab",56,0.15,0.78727930005409,0.93727930005409,1
"pecan_scab",57,0.15,0.78727930005409,0.93727930005409,1
"pecan_scab",58,0.15,0.78727930005409,0.93727930005409,1
"pecan_scab",59,0.15,0.78727930005409,0.93727930005409,1
"pecan_scab",60,0.15,0.78727930005409,0.93727930005409,1
"pecan_scab",61,0.15,0.78727930005409,0.93727930005409,1
"pecan_scab",62,0.15,0.78727930005409,0.93727930005409,1
"pecan_scab",63,0.15,0.78727930005409,0.93727930005409,1
"pecan_scab",64,0.15,0.78727930005409,0.93727930005409,1
"pecan_scab",65,0.15,0.78727930005409,0.93727930005409,1
"pecan_scab",66,0.15,0.78727930005409,0.93727930005409,1
"pecan_scab",67,0.15,0.78727930005409,0.93727930005409,1
"pecan_scab",68,0.15,0.78727930005409,0.93727930005409,1
"pecan_scab",69,0.15,0.78727930005409,0.93727930005409,1
"pecan_scab",70,0.15,0.78727930005409,0.93727930005409,1
"pecan_scab",71,0.15,0.78727930005409,0.93727930005409,1
"pecan_scab",72,0.15,0.78727930005409,0.93727930005409,1
"pecan_scab",73,0.15,0.78727930005409,0.93727930005409,1
"pecan_scab",74,0.15,0.78727930005409,0.93727930005409,1
"pecan_scab",75,0.15,0.78727930005409,0.93727930005409,1
"pecan_scab",76,0.15,0.78727930005409,0.93727930005409,1
"pecan_scab",77,0.15,0.78727930005409,0.93727930005409,1
"pecan_scab",78,0.15,0.78727930005409,0.93727930005409,1
"pecan_scab",79,0.15,0.78727930005409,0.93727930005409,1
"pecan_scab",80,0.15,0.78727930005409,0.93727930005409,1
"pecan_scab",81,0.15,0.78727930005409,0.93727930005409,1
"pecan_scab",82,0.15,0.78727930005409,0.93727930005409,1
"pecan_scab",83,0.15,0.78727930005409,0.93727930005409,1
"pecan_scab",84,0.15,0.78727930005409,0.93727930005409,1
"pecan_scab",85,0.15,0.78727930005409,0.93727930005409,1
"pecan_scab",86,0.15,0.78727930005409,0.93727930005409,1
"pecan_scab",87,0.15,0.78727930005409,0.93727930005409,1
"pecan_scab",88,0.15,0.78727930005409,0.93727930005409,1
"pecan_scab",89,0.15,0.78727930005409,0.93727930005409,1
"pecan_scab",90,0.15,0.78727930005409,0.93727930005409,1
"pecan_scab",91,0.15,0.78727930005409,0.93727930005409,1
"pecan_scab",92,0.15,0.78727930005409,0.93727930005409,1
"pecan_scab",93,0.15,0.78727930005409,0.93727930005409,1
"pecan_scab",94,0.15,0.78727930005409,0.93727930005409,1
"pecan_scab",95,0.15,0.78727930005409,0.93727930005409,1
"pecan_scab",96,0.15,0.78727930005409,0.93727930005409,1
"pecan_scab",97,0.15,0.78727930005409,0.93727930005409,1
"pecan_scab",98,0.15,0.78727930005409,0.93727930005409,1
"pecan_scab",99,0.15,0.78727930005409,0.93727930005409,1
"pecan_scab",100,0.15,0.78727930005409,0.93727930005409,1
"pecan_scab",101,0.15,0.78727930005409,0.93727930005409,1
"pecan_scab",102,0.15,0.78727930005409,0.93727930005409,1
"pecan_scab",103,0.15,0.78727930005409,0.93727930005409,1
"pecan_scab",104,0.15,0.78727930005409,0.93727930005409,1
"pecan_scab",105,0.15,0.78727930005409,0.93727930005409,1
"pecan_scab",106,0.15,0.78727930005409,0.93727930005409,1
"pecan_scab",107,0.15,0.78727930005409,0.93727930005409,1
"pecan_scab",108,0.15,0.78727930005409,0.93727930005409,1
"pecan_scab",109,0.15,0.78727930005409,0.93727930005409,1
"pecan_scab",110,0.15,0.78727930005409,0.93727930005409,1
"pecan_scab",111,0.15,0.78727930005409,0.93727930005409,1
"pecan_scab",112,0.15,0.78727930005409,0.93727930005409,1
"pecan_scab",113,0.15,0.78727930005409,0.93727930005409,1
"pecan_scab",114,0.15,0.78727930005409,0.93727930005409,1
"pecan_scab",115,0.15,0.78727930005409,0.93727930005409,1
"pecan_scab",116,0.15,0.78727930005409,0.93727930005409,1
"pecan_scab",117,0.15,0.78727930005409,0.93727930005409,1
"pecan_scab",118,0.15,0.78727930005409,0.93727930005409,1
"pecan_scab",119,0.15,0.78727930005409,0.93727930005409,1
"pecan_scab",120,0.15,0.78727930005409,0.93727930005409,1
"pecan_scab",121,0.15,0.78727930005409,0.93727930005409,1
"pecan_scab",122,0.15,0.78727930005409,0.93727930005409,1
"pecan_scab",123,0.15,0.78727930005409,0.93727930005409,1
"pecan_scab",124,0.15,0.78727930005409,0.93727930005409,1
"pecan_scab",125,0.15,0.78727930005409,0.93727930005409,1
"pecan_scab",126,0.15,0.78727930005409,0.93727930005409,1
"pecan_scab",127,0.15,0.78727930005409,0.93727930005409,1
"pecan_scab",128,0.15,0.78727930005409,0.93727930005409,1
"pecan_scab",129,0.15,0.78727930005409,0.93727930005409,1
"pecan_scab",130,0.15,0.78727930005409,0.93727930005409,1
"pecan_scab",2,0.2,0.78727930005409,0.98727930005409,0.303234271629933
"pecan_scab",3,0.2,0.78727930005409,0.98727930005409,0.843580878303145
"pecan_scab",4,0.2,0.78727930005409,0.98727930005409,0.991851514736584
"pecan_scab",5,0.2,0.78727930005409,0.98727930005409,0.999825024808618
"pecan_scab",6,0.2,0.78727930005409,0.98727930005409,0.999997689159087
"pecan_scab",7,0.2,0.78727930005409,0.98727930005409,0.999999977105766
"pecan_scab",8,0.2,0.78727930005409,0.98727930005409,0.999999999811747
"pecan_scab",9,0.2,0.78727930005409,0.98727930005409,0.999999999998644
"pecan_scab",10,0.2,0.78727930005409,0.98727930005409,0.999999999999991
"pecan_scab",11,0.2,0.78727930005409,0.98727930005409,1
"pecan_scab",12,0.2,0.78727930005409,0.98727930005409,1
"pecan_scab",13,0.2,0.78727930005409,0.98727930005409,1
"pecan_scab",14,0.2,0.78727930005409,0.98727930005409,1
"pecan_scab",15,0.2,0.78727930005409,0.98727930005409,1
"pecan_scab",16,0.2,0.78727930005409,0.98727930005409,1
"pecan_scab",17,0.2,0.78727930005409,0.98727930005409,1
"pecan_scab",18,0.2,0.78727930005409,0.98727930005409,1
"pecan_scab",19,0.2,0.78727930005409,0.98727930005409,1
"pecan_scab",20,0.2,0.78727930005409,0.98727930005409,1
"pecan_scab",21,0.2,0.78727930005409,0.98727930005409,1
"pecan_scab",22,0.2,0.78727930005409,0.98727930005409,1
"pecan_scab",23,0.2,0.78727930005409,0.98727930005409,1
"pecan_scab",24,0.2,0.78727930005409,0.98727930005409,1
"pecan_scab",25,0.2,0.78727930005409,0.98727930005409,1
"pecan_scab",26,0.2,0.78727930005409,0.98727930005409,1
"pecan_scab",27,0.2,0.78727930005409,0.98727930005409,1
"pecan_scab",28,0.2,0.78727930005409,0.98727930005409,1
"pecan_scab",29,0.2,0.78727930005409,0.98727930005409,1
"pecan_scab",30,0.2,0.78727930005409,0.98727930005409,1
"pecan_scab",31,0.2,0.78727930005409,0.98727930005409,1
"pecan_scab",32,0.2,0.78727930005409,0.98727930005409,1
"pecan_scab",33,0.2,0.78727930005409,0.98727930005409,1
"pecan_scab",34,0.2,0.78727930005409,0.98727930005409,1
"pecan_scab",35,0.2,0.78727930005409,0.98727930005409,1
"pecan_scab",36,0.2,0.78727930005409,0.98727930005409,1
"pecan_scab",37,0.2,0.78727930005409,0.98727930005409,1
"pecan_scab",38,0.2,0.78727930005409,0.98727930005409,1
"pecan_scab",39,0.2,0.78727930005409,0.98727930005409,1
"pecan_scab",40,0.2,0.78727930005409,0.98727930005409,1
"pecan_scab",41,0.2,0.78727930005409,0.98727930005409,1
"pecan_scab",42,0.2,0.78727930005409,0.98727930005409,1
"pecan_scab",43,0.2,0.78727930005409,0.98727930005409,1
"pecan_scab",44,0.2,0.78727930005409,0.98727930005409,1
"pecan_scab",45,0.2,0.78727930005409,0.98727930005409,1
"pecan_scab",46,0.2,0.78727930005409,0.98727930005409,1
"pecan_scab",47,0.2,0.78727930005409,0.98727930005409,1
"pecan_scab",48,0.2,0.78727930005409,0.98727930005409,1
"pecan_scab",49,0.2,0.78727930005409,0.98727930005409,1
"pecan_scab",50,0.2,0.78727930005409,0.98727930005409,1
"pecan_scab",51,0.2,0.78727930005409,0.98727930005409,1
"pecan_scab",52,0.2,0.78727930005409,0.98727930005409,1
"pecan_scab",53,0.2,0.78727930005409,0.98727930005409,1
"pecan_scab",54,0.2,0.78727930005409,0.98727930005409,1
"pecan_scab",55,0.2,0.78727930005409,0.98727930005409,1
"pecan_scab",56,0.2,0.78727930005409,0.98727930005409,1
"pecan_scab",57,0.2,0.78727930005409,0.98727930005409,1
"pecan_scab",58,0.2,0.78727930005409,0.98727930005409,1
"pecan_scab",59,0.2,0.78727930005409,0.98727930005409,1
"pecan_scab",60,0.2,0.78727930005409,0.98727930005409,1
"pecan_scab",61,0.2,0.78727930005409,0.98727930005409,1
"pecan_scab",62,0.2,0.78727930005409,0.98727930005409,1
"pecan_scab",63,0.2,0.78727930005409,0.98727930005409,1
"pecan_scab",64,0.2,0.78727930005409,0.98727930005409,1
"pecan_scab",65,0.2,0.78727930005409,0.98727930005409,1
"pecan_scab",66,0.2,0.78727930005409,0.98727930005409,1
"pecan_scab",67,0.2,0.78727930005409,0.98727930005409,1
"pecan_scab",68,0.2,0.78727930005409,0.98727930005409,1
"pecan_scab",69,0.2,0.78727930005409,0.98727930005409,1
"pecan_scab",70,0.2,0.78727930005409,0.98727930005409,1
"pecan_scab",71,0.2,0.78727930005409,0.98727930005409,1
"pecan_scab",72,0.2,0.78727930005409,0.98727930005409,1
"pecan_scab",73,0.2,0.78727930005409,0.98727930005409,1
"pecan_scab",74,0.2,0.78727930005409,0.98727930005409,1
"pecan_scab",75,0.2,0.78727930005409,0.98727930005409,1
"pecan_scab",76,0.2,0.78727930005409,0.98727930005409,1
"pecan_scab",77,0.2,0.78727930005409,0.98727930005409,1
"pecan_scab",78,0.2,0.78727930005409,0.98727930005409,1
"pecan_scab",79,0.2,0.78727930005409,0.98727930005409,1
"pecan_scab",80,0.2,0.78727930005409,0.98727930005409,1
"pecan_scab",81,0.2,0.78727930005409,0.98727930005409,1
"pecan_scab",82,0.2,0.78727930005409,0.98727930005409,1
"pecan_scab",83,0.2,0.78727930005409,0.98727930005409,1
"pecan_scab",84,0.2,0.78727930005409,0.98727930005409,1
"pecan_scab",85,0.2,0.78727930005409,0.98727930005409,1
"pecan_scab",86,0.2,0.78727930005409,0.98727930005409,1
"pecan_scab",87,0.2,0.78727930005409,0.98727930005409,1
"pecan_scab",88,0.2,0.78727930005409,0.98727930005409,1
"pecan_scab",89,0.2,0.78727930005409,0.98727930005409,1
"pecan_scab",90,0.2,0.78727930005409,0.98727930005409,1
"pecan_scab",91,0.2,0.78727930005409,0.98727930005409,1
"pecan_scab",92,0.2,0.78727930005409,0.98727930005409,1
"pecan_scab",93,0.2,0.78727930005409,0.98727930005409,1
"pecan_scab",94,0.2,0.78727930005409,0.98727930005409,1
"pecan_scab",95,0.2,0.78727930005409,0.98727930005409,1
"pecan_scab",96,0.2,0.78727930005409,0.98727930005409,1
"pecan_scab",97,0.2,0.78727930005409,0.98727930005409,1
"pecan_scab",98,0.2,0.78727930005409,0.98727930005409,1
"pecan_scab",99,0.2,0.78727930005409,0.98727930005409,1
"pecan_scab",100,0.2,0.78727930005409,0.98727930005409,1
"pecan_scab",101,0.2,0.78727930005409,0.98727930005409,1
"pecan_scab",102,0.2,0.78727930005409,0.98727930005409,1
"pecan_scab",103,0.2,0.78727930005409,0.98727930005409,1
"pecan_scab",104,0.2,0.78727930005409,0.98727930005409,1
"pecan_scab",105,0.2,0.78727930005409,0.98727930005409,1
"pecan_scab",106,0.2,0.78727930005409,0.98727930005409,1
"pecan_scab",107,0.2,0.78727930005409,0.98727930005409,1
"pecan_scab",108,0.2,0.78727930005409,0.98727930005409,1
"pecan_scab",109,0.2,0.78727930005409,0.98727930005409,1
"pecan_scab",110,0.2,0.78727930005409,0.98727930005409,1
"pecan_scab",111,0.2,0.78727930005409,0.98727930005409,1
"pecan_scab",112,0.2,0.78727930005409,0.98727930005409,1
"pecan_scab",113,0.2,0.78727930005409,0.98727930005409,1
"pecan_scab",114,0.2,0.78727930005409,0.98727930005409,1
"pecan_scab",115,0.2,0.78727930005409,0.98727930005409,1
"pecan_scab",116,0.2,0.78727930005409,0.98727930005409,1
"pecan_scab",117,0.2,0.78727930005409,0.98727930005409,1
"pecan_scab",118,0.2,0.78727930005409,0.98727930005409,1
"pecan_scab",119,0.2,0.78727930005409,0.98727930005409,1
"pecan_scab",120,0.2,0.78727930005409,0.98727930005409,1
"pecan_scab",121,0.2,0.78727930005409,0.98727930005409,1
"pecan_scab",122,0.2,0.78727930005409,0.98727930005409,1
"pecan_scab",123,0.2,0.78727930005409,0.98727930005409,1
"pecan_scab",124,0.2,0.78727930005409,0.98727930005409,1
"pecan_scab",125,0.2,0.78727930005409,0.98727930005409,1
"pecan_scab",126,0.2,0.78727930005409,0.98727930005409,1
"pecan_scab",127,0.2,0.78727930005409,0.98727930005409,1
"pecan_scab",128,0.2,0.78727930005409,0.98727930005409,1
"pecan_scab",129,0.2,0.78727930005409,0.98727930005409,1
"pecan_scab",130,0.2,0.78727930005409,0.98727930005409,1
"soybean_rust",2,0.05,0.804297987746911,0.854297987746911,0.0553295211575456
"soybean_rust",3,0.05,0.804297987746911,0.854297987746911,0.0650229657769346
"soybean_rust",4,0.05,0.804297987746911,0.854297987746911,0.0766923730864117
"soybean_rust",5,0.05,0.804297987746911,0.854297987746911,0.0891338341761849
"soybean_rust",6,0.05,0.804297987746911,0.854297987746911,0.101946183631914
"soybean_rust",7,0.05,0.804297987746911,0.854297987746911,0.114976808718277
"soybean_rust",8,0.05,0.804297987746911,0.854297987746911,0.128153930774726
"soybean_rust",9,0.05,0.804297987746911,0.854297987746911,0.141436134731404
"soybean_rust",10,0.05,0.804297987746911,0.854297987746911,0.154795108955157
"soybean_rust",11,0.05,0.804297987746911,0.854297987746911,0.168208965659233
"soybean_rust",12,0.05,0.804297987746911,0.854297987746911,0.181659371425437
"soybean_rust",13,0.05,0.804297987746911,0.854297987746911,0.19513020160104
"soybean_rust",14,0.05,0.804297987746911,0.854297987746911,0.208606859725602
"soybean_rust",15,0.05,0.804297987746911,0.854297987746911,0.222075909058004
"soybean_rust",16,0.05,0.804297987746911,0.854297987746911,0.235524859804227
"soybean_rust",17,0.05,0.804297987746911,0.854297987746911,0.24894203817766
"soybean_rust",18,0.05,0.804297987746911,0.854297987746911,0.262316500461594
"soybean_rust",19,0.05,0.804297987746911,0.854297987746911,0.275637972814423
"soybean_rust",20,0.05,0.804297987746911,0.854297987746911,0.288896806360371
"soybean_rust",21,0.05,0.804297987746911,0.854297987746911,0.30208394165254
"soybean_rust",22,0.05,0.804297987746911,0.854297987746911,0.315190879081254
"soybean_rust",23,0.05,0.804297987746911,0.854297987746911,0.328209653177706
"soybean_rust",24,0.05,0.804297987746911,0.854297987746911,0.341132809559425
"soybean_rust",25,0.05,0.804297987746911,0.854297987746911,0.353953383734422
"soybean_rust",26,0.05,0.804297987746911,0.854297987746911,0.366664881265851
"soybean_rust",27,0.05,0.804297987746911,0.854297987746911,0.379261258974823
"soybean_rust",28,0.05,0.804297987746911,0.854297987746911,0.391736906968993
"soybean_rust",29,0.05,0.804297987746911,0.854297987746911,0.404086631361942
"soybean_rust",30,0.05,0.804297987746911,0.854297987746911,0.416305637575587
"soybean_rust",31,0.05,0.804297987746911,0.854297987746911,0.428389514178213
"soybean_rust",32,0.05,0.804297987746911,0.854297987746911,0.440334217201743
"soybean_rust",33,0.05,0.804297987746911,0.854297987746911,0.452136054912095
"soybean_rust",34,0.05,0.804297987746911,0.854297987746911,0.463791673010032
"soybean_rust",35,0.05,0.804297987746911,0.854297987746911,0.475298040246633
"soybean_rust",36,0.05,0.804297987746911,0.854297987746911,0.486652434441676
"soybean_rust",37,0.05,0.804297987746911,0.854297987746911,0.497852428895857
"soybean_rust",38,0.05,0.804297987746911,0.854297987746911,0.508895879189452
"soybean_rust",39,0.05,0.804297987746911,0.854297987746911,0.519780910361339
"soybean_rust",40,0.05,0.804297987746911,0.854297987746911,0.530505904462822
"soybean_rust",41,0.05,0.804297987746911,0.854297987746911,0.541069488481099
"soybean_rust",42,0.05,0.804297987746911,0.854297987746911,0.551470522627497
"soybean_rust",43,0.05,0.804297987746911,0.854297987746911,0.561708088984531
"soybean_rust",44,0.05,0.804297987746911,0.854297987746911,0.571781480512466
"soybean_rust",45,0.05,0.804297987746911,0.854297987746911,0.58169019039671
"soybean_rust",46,0.05,0.804297987746911,0.854297987746911,0.591433901748369
"soybean_rust",47,0.05,0.804297987746911,0.854297987746911,0.601012477639784
"soybean_rust",48,0.05,0.804297987746911,0.854297987746911,0.610425951474458
"soybean_rust",49,0.05,0.804297987746911,0.854297987746911,0.619674517684824
"soybean_rust",50,0.05,0.804297987746911,0.854297987746911,0.628758522751993
"soybean_rust",51,0.05,0.804297987746911,0.854297987746911,0.637678456541415
"soybean_rust",52,0.05,0.804297987746911,0.854297987746911,0.646434943948231
"soybean_rust",53,0.05,0.804297987746911,0.854297987746911,0.655028736846058
"soybean_rust",54,0.05,0.804297987746911,0.854297987746911,0.663460706332875
"soybean_rust",55,0.05,0.804297987746911,0.854297987746911,0.671731835267352
"soybean_rust",56,0.05,0.804297987746911,0.854297987746911,0.679843211089128
"soybean_rust",57,0.05,0.804297987746911,0.854297987746911,0.687796018916534
"soybean_rust",58,0.05,0.804297987746911,0.854297987746911,0.695591534914884
"soybean_rust",59,0.05,0.804297987746911,0.854297987746911,0.703231119928747
"soybean_rust",60,0.05,0.804297987746911,0.854297987746911,0.710716213371701
"soybean_rust",61,0.05,0.804297987746911,0.854297987746911,0.718048327366427
"soybean_rust",62,0.05,0.804297987746911,0.854297987746911,0.725229041128012
"soybean_rust",63,0.05,0.804297987746911,0.854297987746911,0.732259995588425
"soybean_rust",64,0.05,0.804297987746911,0.854297987746911,0.739142888244096
"soybean_rust",65,0.05,0.804297987746911,0.854297987746911,0.745879468234683
"soybean_rust",66,0.05,0.804297987746911,0.854297987746911,0.752471531636103
"soybean_rust",67,0.05,0.804297987746911,0.854297987746911,0.758920916965093
"soybean_rust",68,0.05,0.804297987746911,0.854297987746911,0.765229500888538
"soybean_rust",69,0.05,0.804297987746911,0.854297987746911,0.771399194131131
"soybean_rust",70,0.05,0.804297987746911,0.854297987746911,0.777431937575403
"soybean_rust",71,0.05,0.804297987746911,0.854297987746911,0.783329698547453
"soybean_rust",72,0.05,0.804297987746911,0.854297987746911,0.789094467282846
"soybean_rust",73,0.05,0.804297987746911,0.854297987746911,0.794728253566632
"soybean_rust",74,0.05,0.804297987746911,0.854297987746911,0.800233083541353
"soybean_rust",75,0.05,0.804297987746911,0.854297987746911,0.805610996677901
"soybean_rust",76,0.05,0.804297987746911,0.854297987746911,0.810864042902773
"soybean_rust",77,0.05,0.804297987746911,0.854297987746911,0.815994279877179
"soybean_rust",78,0.05,0.804297987746911,0.854297987746911,0.821003770421642
"soybean_rust",79,0.05,0.804297987746911,0.854297987746911,0.825894580081985
"soybean_rust",80,0.05,0.804297987746911,0.854297987746911,0.83066877483006
"soybean_rust",81,0.05,0.804297987746911,0.854297987746911,0.835328418895746
"soybean_rust",82,0.05,0.804297987746911,0.854297987746911,0.839875572723911
"soybean_rust",83,0.05,0.804297987746911,0.854297987746911,0.844312291052841
"soybean_rust",84,0.05,0.804297987746911,0.854297987746911,0.848640621108263
"soybean_rust",85,0.05,0.804297987746911,0.854297987746911,0.852862600909166
"soybean_rust",86,0.05,0.804297987746911,0.854297987746911,0.85698025768089
"soybean_rust",87,0.05,0.804297987746911,0.854297987746911,0.860995606370984
"soybean_rust",88,0.05,0.804297987746911,0.854297987746911,0.864910648263465
"soybean_rust",89,0.05,0.804297987746911,0.854297987746911,0.868727369687329
"soybean_rust",90,0.05,0.804297987746911,0.854297987746911,0.872447740819013
"soybean_rust",91,0.05,0.804297987746911,0.854297987746911,0.876073714564629
"soybean_rust",92,0.05,0.804297987746911,0.854297987746911,0.879607225532009
"soybean_rust",93,0.05,0.804297987746911,0.854297987746911,0.883050189079082
"soybean_rust",94,0.05,0.804297987746911,0.854297987746911,0.886404500438765
"soybean_rust",95,0.05,0.804297987746911,0.854297987746911,0.889672033915803
"soybean_rust",96,0.05,0.804297987746911,0.854297987746911,0.892854642153762
"soybean_rust",97,0.05,0.804297987746911,0.854297987746911,0.89595415546735
"soybean_rust",98,0.05,0.804297987746911,0.854297987746911,0.898972381238078
"soybean_rust",99,0.05,0.804297987746911,0.854297987746911,0.901911103369841
"soybean_rust",100,0.05,0.804297987746911,0.854297987746911,0.90477208180117
"soybean_rust",101,0.05,0.804297987746911,0.854297987746911,0.907557052072996
"soybean_rust",102,0.05,0.804297987746911,0.854297987746911,0.910267724946362
"soybean_rust",103,0.05,0.804297987746911,0.854297987746911,0.912905786071064
"soybean_rust",104,0.05,0.804297987746911,0.854297987746911,0.915472895699304
"soybean_rust",105,0.05,0.804297987746911,0.854297987746911,0.917970688444465
"soybean_rust",106,0.05,0.804297987746911,0.854297987746911,0.920400773081558
"soybean_rust",107,0.05,0.804297987746911,0.854297987746911,0.922764732386949
"soybean_rust",108,0.05,0.804297987746911,0.854297987746911,0.925064123016126
"soybean_rust",109,0.05,0.804297987746911,0.854297987746911,0.927300475416275
"soybean_rust",110,0.05,0.804297987746911,0.854297987746911,0.929475293773013
"soybean_rust",111,0.05,0.804297987746911,0.854297987746911,0.931590055987816
"soybean_rust",112,0.05,0.804297987746911,0.854297987746911,0.933646213685989
"soybean_rust",113,0.05,0.804297987746911,0.854297987746911,0.935645192251683
"soybean_rust",114,0.05,0.804297987746911,0.854297987746911,0.937588390890246
"soybean_rust",115,0.05,0.804297987746911,0.854297987746911,0.939477182713802
"soybean_rust",116,0.05,0.804297987746911,0.854297987746911,0.941312914851398
"soybean_rust",117,0.05,0.804297987746911,0.854297987746911,0.943096908579506
"soybean_rust",118,0.05,0.804297987746911,0.854297987746911,0.944830459473271
"soybean_rust",119,0.05,0.804297987746911,0.854297987746911,0.946514837576677
"soybean_rust",120,0.05,0.804297987746911,0.854297987746911,0.948151287589505
"soybean_rust",121,0.05,0.804297987746911,0.854297987746911,0.949741029071603
"soybean_rust",122,0.05,0.804297987746911,0.854297987746911,0.951285256660748
"soybean_rust",123,0.05,0.804297987746911,0.854297987746911,0.952785140305901
"soybean_rust",124,0.05,0.804297987746911,0.854297987746911,0.954241825512329
"soybean_rust",125,0.05,0.804297987746911,0.854297987746911,0.955656433598661
"soybean_rust",126,0.05,0.804297987746911,0.854297987746911,0.957030061964203
"soybean_rust",127,0.05,0.804297987746911,0.854297987746911,0.958363784369502
"soybean_rust",128,0.05,0.804297987746911,0.854297987746911,0.959658651218587
"soybean_rust",129,0.05,0.804297987746911,0.854297987746911,0.960915689857121
"soybean_rust",130,0.05,0.804297987746911,0.854297987746911,0.962135904873054
"soybean_rust",2,0.1,0.804297987746911,0.904297987746911,0.0780308618917469
"soybean_rust",3,0.1,0.804297987746911,0.904297987746911,0.13244079699726
"soybean_rust",4,0.1,0.804297987746911,0.904297987746911,0.200991963122406
"soybean_rust",5,0.1,0.804297987746911,0.904297987746911,0.274226477635575
"soybean_rust",6,0.1,0.804297987746911,0.904297987746911,0.347430649716547
"soybean_rust",7,0.1,0.804297987746911,0.904297987746911,0.418080683683501
"soybean_rust",8,0.1,0.804297987746911,0.904297987746911,0.48473385873219
"soybean_rust",9,0.1,0.804297987746911,0.904297987746911,0.54657809071226
"soybean_rust",10,0.1,0.804297987746911,0.904297987746911,0.603212303859691
"soybean_rust",11,0.1,0.804297987746911,0.904297987746911,0.654517386997229
"soybean_rust",12,0.1,0.804297987746911,0.904297987746911,0.700569821291169
"soybean_rust",13,0.1,0.804297987746911,0.904297987746911,0.74157951223911
"soybean_rust",14,0.1,0.804297987746911,0.904297987746911,0.777843543879656
"soybean_rust",15,0.1,0.804297987746911,0.904297987746911,0.809711459084699
"soybean_rust",16,0.1,0.804297987746911,0.904297987746911,0.837559327172654
"soybean_rust",17,0.1,0.804297987746911,0.904297987746911,0.861770668010563
"soybean_rust",18,0.1,0.804297987746911,0.904297987746911,0.882722760770106
"soybean_rust",19,0.1,0.804297987746911,0.904297987746911,0.900777168113767
"soybean_rust",20,0.1,0.804297987746911,0.904297987746911,0.916273530438406
"soybean_rust",21,0.1,0.804297987746911,0.904297987746911,0.92952586271732
"soybean_rust",22,0.1,0.804297987746911,0.904297987746911,0.940820733020714
"soybean_rust",23,0.1,0.804297987746911,0.904297987746911,0.950416824239067
"soybean_rust",24,0.1,0.804297987746911,0.904297987746911,0.958545482955949
"soybean_rust",25,0.1,0.804297987746911,0.904297987746911,0.965411944681579
"soybean_rust",26,0.1,0.804297987746911,0.904297987746911,0.971196995054237
"soybean_rust",27,0.1,0.804297987746911,0.904297987746911,0.976058884157324
"soybean_rust",28,0.1,0.804297987746911,0.904297987746911,0.980135357619696
"soybean_rust",29,0.1,0.804297987746911,0.904297987746911,0.983545705332326
"soybean_rust",30,0.1,0.804297987746911,0.904297987746911,0.986392757937424
"soybean_rust",31,0.1,0.804297987746911,0.904297987746911,0.988764784044989
"soybean_rust",32,0.1,0.804297987746911,0.904297987746911,0.990737258627134
"soybean_rust",33,0.1,0.804297987746911,0.904297987746911,0.992374486173516
"soybean_rust",34,0.1,0.804297987746911,0.904297987746911,0.993731071892974
"soybean_rust",35,0.1,0.804297987746911,0.904297987746911,0.994853241194515
"soybean_rust",36,0.1,0.804297987746911,0.904297987746911,0.995780012495239
"soybean_rust",37,0.1,0.804297987746911,0.904297987746911,0.996544231570213
"soybean_rust",38,0.1,0.804297987746911,0.904297987746911,0.99717347757991
"soybean_rust",39,0.1,0.804297987746911,0.904297987746911,0.997690851904778
"soybean_rust",40,0.1,0.804297987746911,0.904297987746911,0.998115661235909
"soybean_rust",41,0.1,0.804297987746911,0.904297987746911,0.998464006215151
"soybean_rust",42,0.1,0.804297987746911,0.904297987746911,0.998749286440142
"soybean_rust",43,0.1,0.804297987746911,0.904297987746911,0.998982631965571
"soybean_rust",44,0.1,0.804297987746911,0.904297987746911,0.999173270629888
"soybean_rust",45,0.1,0.804297987746911,0.904297987746911,0.999328839679353
"soybean_rust",46,0.1,0.804297987746911,0.904297987746911,0.999455649296157
"soybean_rust",47,0.1,0.804297987746911,0.904297987746911,0.999558904794072
"soybean_rust",48,0.1,0.804297987746911,0.904297987746911,0.99964289344658
"soybean_rust",49,0.1,0.804297987746911,0.904297987746911,0.999711141170144
"soybean_rust",50,0.1,0.804297987746911,0.904297987746911,0.999766543606697
"soybean_rust",51,0.1,0.804297987746911,0.904297987746911,0.999811475536734
"soybean_rust",52,0.1,0.804297987746911,0.904297987746911,0.999847882007254
"soybean_rust",53,0.1,0.804297987746911,0.904297987746911,0.999877354074712
"soybean_rust",54,0.1,0.804297987746911,0.904297987746911,0.999901191637949
"soybean_rust",55,0.1,0.804297987746911,0.904297987746911,0.999920455464915
"soybean_rust",56,0.1,0.804297987746911,0.904297987746911,0.999936010195824
"soybean_rust",57,0.1,0.804297987746911,0.904297987746911,0.99994855982818
"soybean_rust",58,0.1,0.804297987746911,0.904297987746911,0.999958676950786
"soybean_rust",59,0.1,0.804297987746911,0.904297987746911,0.999966826791005
"soybean_rust",60,0.1,0.804297987746911,0.904297987746911,0.999973386966545
"soybean_rust",61,0.1,0.804297987746911,0.904297987746911,0.999978663685781
"soybean_rust",62,0.1,0.804297987746911,0.904297987746911,0.999982905017391
"soybean_rust",63,0.1,0.804297987746911,0.904297987746911,0.999986311745331
"soybean_rust",64,0.1,0.804297987746911,0.904297987746911,0.999989046237212
"soybean_rust",65,0.1,0.804297987746911,0.904297987746911,0.999991239680912
"soybean_rust",66,0.1,0.804297987746911,0.904297987746911,0.999992997982953
"soybean_rust",67,0.1,0.804297987746911,0.904297987746911,0.99999440657044
"soybean_rust",68,0.1,0.804297987746911,0.904297987746911,0.999995534296252
"soybean_rust",69,0.1,0.804297987746911,0.904297987746911,0.999996436611572
"soybean_rust",70,0.1,0.804297987746911,0.904297987746911,0.999997158140678
"soybean_rust",71,0.1,0.804297987746911,0.904297987746911,0.999997734768322
"soybean_rust",72,0.1,0.804297987746911,0.904297987746911,0.999998195330561
"soybean_rust",73,0.1,0.804297987746911,0.904297987746911,0.999998562983038
"soybean_rust",74,0.1,0.804297987746911,0.904297987746911,0.99999885630716
"soybean_rust",75,0.1,0.804297987746911,0.904297987746911,0.99999909020377
"soybean_rust",76,0.1,0.804297987746911,0.904297987746911,0.999999276614291
"soybean_rust",77,0.1,0.804297987746911,0.904297987746911,0.999999425102408
"soybean_rust",78,0.1,0.804297987746911,0.904297987746911,0.999999543322666
"soybean_rust",79,0.1,0.804297987746911,0.904297987746911,0.999999637397902
"soybean_rust",80,0.1,0.804297987746911,0.904297987746911,0.999999712222739
"soybean_rust",81,0.1,0.804297987746911,0.904297987746911,0.999999771707717
"soybean_rust",82,0.1,0.804297987746911,0.904297987746911,0.999999818975306
"soybean_rust",83,0.1,0.804297987746911,0.904297987746911,0.999999856517361
"soybean_rust",84,0.1,0.804297987746911,0.904297987746911,0.999999886321362
"soybean_rust",85,0.1,0.804297987746911,0.904297987746911,0.999999909971645
"soybean_rust",86,0.1,0.804297987746911,0.904297987746911,0.999999928730518
"soybean_rust",87,0.1,0.804297987746911,0.904297987746911,0.999999943603198
"soybean_rust",88,0.1,0.804297987746911,0.904297987746911,0.999999955389745
"soybean_rust",89,0.1,0.804297987746911,0.904297987746911,0.99999996472663
"soybean_rust",90,0.1,0.804297987746911,0.904297987746911,0.999999972119935
"soybean_rust",91,0.1,0.804297987746911,0.904297987746911,0.999999977971868
"soybean_rust",92,0.1,0.804297987746911,0.904297987746911,0.999999982601926
"soybean_rust",93,0.1,0.804297987746911,0.904297987746911,0.999999986263798
"soybean_rust",94,0.1,0.804297987746911,0.904297987746911,0.999999989158825
"soybean_rust",95,0.1,0.804297987746911,0.904297987746911,0.99999999144672
"soybean_rust",96,0.1,0.804297987746911,0.904297987746911,0.999999993254133
"soybean_rust",97,0.1,0.804297987746911,0.904297987746911,0.999999994681443
"soybean_rust",98,0.1,0.804297987746911,0.904297987746911,0.999999995808176
"soybean_rust",99,0.1,0.804297987746911,0.904297987746911,0.999999996697314
"soybean_rust",100,0.1,0.804297987746911,0.904297987746911,0.999999997398709
"soybean_rust",101,0.1,0.804297987746911,0.904297987746911,0.999999997951814
"soybean_rust",102,0.1,0.804297987746911,0.904297987746911,0.999999998387829
"soybean_rust",103,0.1,0.804297987746911,0.904297987746911,0.999999998731426
"soybean_rust",104,0.1,0.804297987746911,0.904297987746911,0.999999999002104
"soybean_rust",105,0.1,0.804297987746911,0.904297987746911,0.999999999215268
"soybean_rust",106,0.1,0.804297987746911,0.904297987746911,0.999999999383084
"soybean_rust",107,0.1,0.804297987746911,0.904297987746911,0.999999999515158
"soybean_rust",108,0.1,0.804297987746911,0.904297987746911,0.999999999619069
"soybean_rust",109,0.1,0.804297987746911,0.904297987746911,0.999999999700797
"soybean_rust",110,0.1,0.804297987746911,0.904297987746911,0.999999999765058
"soybean_rust",111,0.1,0.804297987746911,0.904297987746911,0.99999999981557
"soybean_rust",112,0.1,0.804297987746911,0.904297987746911,0.999999999855262
"soybean_rust",113,0.1,0.804297987746911,0.904297987746911,0.999999999886444
"soybean_rust",114,0.1,0.804297987746911,0.904297987746911,0.999999999910932
"soybean_rust",115,0.1,0.804297987746911,0.904297987746911,0.999999999930158
"soybean_rust",116,0.1,0.804297987746911,0.904297987746911,0.999999999945249
"soybean_rust",117,0.1,0.804297987746911,0.904297987746911,0.999999999957091
"soybean_rust",118,0.1,0.804297987746911,0.904297987746911,0.99999999996638
"soybean_rust",119,0.1,0.804297987746911,0.904297987746911,0.999999999973665
"soybean_rust",120,0.1,0.804297987746911,0.904297987746911,0.999999999979376
"soybean_rust",121,0.1,0.804297987746911,0.904297987746911,0.999999999983853
"soybean_rust",122,0.1,0.804297987746911,0.904297987746911,0.999999999987362
"soybean_rust",123,0.1,0.804297987746911,0.904297987746911,0.99999999999011
"soybean_rust",124,0.1,0.804297987746911,0.904297987746911,0.999999999992263
"soybean_rust",125,0.1,0.804297987746911,0.904297987746911,0.999999999993948
"soybean_rust",126,0.1,0.804297987746911,0.904297987746911,0.999999999995268
"soybean_rust",127,0.1,0.804297987746911,0.904297987746911,0.9999999999963
"soybean_rust",128,0.1,0.804297987746911,0.904297987746911,0.999999999997108
"soybean_rust",129,0.1,0.804297987746911,0.904297987746911,0.99999999999774
"soybean_rust",130,0.1,0.804297987746911,0.904297987746911,0.999999999998235
"soybean_rust",2,0.15,0.804297987746911,0.954297987746911,0.138985108470021
"soybean_rust",3,0.15,0.804297987746911,0.954297987746911,0.337932875911583
"soybean_rust",4,0.15,0.804297987746911,0.954297987746911,0.567798143523466
"soybean_rust",5,0.15,0.804297987746911,0.954297987746911,0.747928520974274
"soybean_rust",6,0.15,0.804297987746911,0.954297987746911,0.863748583400413
"soybean_rust",7,0.15,0.804297987746911,0.954297987746911,0.930251179192524
"soybean_rust",8,0.15,0.804297987746911,0.954297987746911,0.965736520855159
"soybean_rust",9,0.15,0.804297987746911,0.954297987746911,0.983709400498361
"soybean_rust",10,0.15,0.804297987746911,0.954297987746911,0.992459320914735
"soybean_rust",11,0.15,0.804297987746911,0.954297987746911,0.996587279921646
"soybean_rust",12,0.15,0.804297987746911,0.954297987746911,0.998485050491502
"soybean_rust",13,0.15,0.804297987746911,0.954297987746911,0.999338725476659
"soybean_rust",14,0.15,0.804297987746911,0.954297987746911,0.999715612740668
"soybean_rust",15,0.15,0.804297987746911,0.954297987746911,0.999879307351184
"soybean_rust",16,0.15,0.804297987746911,0.954297987746911,0.999949386007016
"soybean_rust",17,0.15,0.804297987746911,0.954297987746911,0.999979002705742
"soybean_rust",18,0.15,0.804297987746911,0.954297987746911,0.999991374782912
"soybean_rust",19,0.15,0.804297987746911,0.954297987746911,0.999996488896542
"soybean_rust",20,0.15,0.804297987746911,0.954297987746911,0.999998582607992
"soybean_rust",21,0.15,0.804297987746911,0.954297987746911,0.999999432224668
"soybean_rust",22,0.15,0.804297987746911,0.954297987746911,0.999999774192373
"soybean_rust",23,0.15,0.804297987746911,0.954297987746911,0.999999910795891
"soybean_rust",24,0.15,0.804297987746911,0.954297987746911,0.999999964981249
"soybean_rust",25,0.15,0.804297987746911,0.954297987746911,0.999999986333615
"soybean_rust",26,0.15,0.804297987746911,0.954297987746911,0.999999994696123
"soybean_rust",27,0.15,0.804297987746911,0.954297987746911,0.99999999795235
"soybean_rust",28,0.15,0.804297987746911,0.954297987746911,0.999999999213382
"soybean_rust",29,0.15,0.804297987746911,0.954297987746911,0.999999999699238
"soybean_rust",30,0.15,0.804297987746911,0.954297987746911,0.999999999885515
"soybean_rust",31,0.15,0.804297987746911,0.954297987746911,0.999999999956606
"soybean_rust",32,0.15,0.804297987746911,0.954297987746911,0.999999999983619
"soybean_rust",33,0.15,0.804297987746911,0.954297987746911,0.99999999999384
"soybean_rust",34,0.15,0.804297987746911,0.954297987746911,0.999999999997692
"soybean_rust",35,0.15,0.804297987746911,0.954297987746911,0.999999999999138
"soybean_rust",36,0.15,0.804297987746911,0.954297987746911,0.999999999999679
"soybean_rust",37,0.15,0.804297987746911,0.954297987746911,0.999999999999881
"soybean_rust",38,0.15,0.804297987746911,0.954297987746911,0.999999999999956
"soybean_rust",39,0.15,0.804297987746911,0.954297987746911,0.999999999999984
"soybean_rust",40,0.15,0.804297987746911,0.954297987746911,0.999999999999994
"soybean_rust",41,0.15,0.804297987746911,0.954297987746911,0.999999999999998
"soybean_rust",42,0.15,0.804297987746911,0.954297987746911,0.999999999999999
"soybean_rust",43,0.15,0.804297987746911,0.954297987746911,1
"soybean_rust",44,0.15,0.804297987746911,0.954297987746911,1
"soybean_rust",45,0.15,0.804297987746911,0.954297987746911,1
"soybean_rust",46,0.15,0.804297987746911,0.954297987746911,1
"soybean_rust",47,0.15,0.804297987746911,0.954297987746911,1
"soybean_rust",48,0.15,0.804297987746911,0.954297987746911,1
"soybean_rust",49,0.15,0.804297987746911,0.954297987746911,1
"soybean_rust",50,0.15,0.804297987746911,0.954297987746911,1
"soybean_rust",51,0.15,0.804297987746911,0.954297987746911,1
"soybean_rust",52,0.15,0.804297987746911,0.954297987746911,1
"soybean_rust",53,0.15,0.804297987746911,0.954297987746911,1
"soybean_rust",54,0.15,0.804297987746911,0.954297987746911,1
"soybean_rust",55,0.15,0.804297987746911,0.954297987746911,1
"soybean_rust",56,0.15,0.804297987746911,0.954297987746911,1
"soybean_rust",57,0.15,0.804297987746911,0.954297987746911,1
"soybean_rust",58,0.15,0.804297987746911,0.954297987746911,1
"soybean_rust",59,0.15,0.804297987746911,0.954297987746911,1
"soybean_rust",60,0.15,0.804297987746911,0.954297987746911,1
"soybean_rust",61,0.15,0.804297987746911,0.954297987746911,1
"soybean_rust",62,0.15,0.804297987746911,0.954297987746911,1
"soybean_rust",63,0.15,0.804297987746911,0.954297987746911,1
"soybean_rust",64,0.15,0.804297987746911,0.954297987746911,1
"soybean_rust",65,0.15,0.804297987746911,0.954297987746911,1
"soybean_rust",66,0.15,0.804297987746911,0.954297987746911,1
"soybean_rust",67,0.15,0.804297987746911,0.954297987746911,1
"soybean_rust",68,0.15,0.804297987746911,0.954297987746911,1
"soybean_rust",69,0.15,0.804297987746911,0.954297987746911,1
"soybean_rust",70,0.15,0.804297987746911,0.954297987746911,1
"soybean_rust",71,0.15,0.804297987746911,0.954297987746911,1
"soybean_rust",72,0.15,0.804297987746911,0.954297987746911,1
"soybean_rust",73,0.15,0.804297987746911,0.954297987746911,1
"soybean_rust",74,0.15,0.804297987746911,0.954297987746911,1
"soybean_rust",75,0.15,0.804297987746911,0.954297987746911,1
"soybean_rust",76,0.15,0.804297987746911,0.954297987746911,1
"soybean_rust",77,0.15,0.804297987746911,0.954297987746911,1
"soybean_rust",78,0.15,0.804297987746911,0.954297987746911,1
"soybean_rust",79,0.15,0.804297987746911,0.954297987746911,1
"soybean_rust",80,0.15,0.804297987746911,0.954297987746911,1
"soybean_rust",81,0.15,0.804297987746911,0.954297987746911,1
"soybean_rust",82,0.15,0.804297987746911,0.954297987746911,1
"soybean_rust",83,0.15,0.804297987746911,0.954297987746911,1
"soybean_rust",84,0.15,0.804297987746911,0.954297987746911,1
"soybean_rust",85,0.15,0.804297987746911,0.954297987746911,1
"soybean_rust",86,0.15,0.804297987746911,0.954297987746911,1
"soybean_rust",87,0.15,0.804297987746911,0.954297987746911,1
"soybean_rust",88,0.15,0.804297987746911,0.954297987746911,1
"soybean_rust",89,0.15,0.804297987746911,0.954297987746911,1
"soybean_rust",90,0.15,0.804297987746911,0.954297987746911,1
"soybean_rust",91,0.15,0.804297987746911,0.954297987746911,1
"soybean_rust",92,0.15,0.804297987746911,0.954297987746911,1
"soybean_rust",93,0.15,0.804297987746911,0.954297987746911,1
"soybean_rust",94,0.15,0.804297987746911,0.954297987746911,1
"soybean_rust",95,0.15,0.804297987746911,0.954297987746911,1
"soybean_rust",96,0.15,0.804297987746911,0.954297987746911,1
"soybean_rust",97,0.15,0.804297987746911,0.954297987746911,1
"soybean_rust",98,0.15,0.804297987746911,0.954297987746911,1
"soybean_rust",99,0.15,0.804297987746911,0.954297987746911,1
"soybean_rust",100,0.15,0.804297987746911,0.954297987746911,1
"soybean_rust",101,0.15,0.804297987746911,0.954297987746911,1
"soybean_rust",102,0.15,0.804297987746911,0.954297987746911,1
"soybean_rust",103,0.15,0.804297987746911,0.954297987746911,1
"soybean_rust",104,0.15,0.804297987746911,0.954297987746911,1
"soybean_rust",105,0.15,0.804297987746911,0.954297987746911,1
"soybean_rust",106,0.15,0.804297987746911,0.954297987746911,1
"soybean_rust",107,0.15,0.804297987746911,0.954297987746911,1
"soybean_rust",108,0.15,0.804297987746911,0.954297987746911,1
"soybean_rust",109,0.15,0.804297987746911,0.954297987746911,1
"soybean_rust",110,0.15,0.804297987746911,0.954297987746911,1
"soybean_rust",111,0.15,0.804297987746911,0.954297987746911,1
"soybean_rust",112,0.15,0.804297987746911,0.954297987746911,1
"soybean_rust",113,0.15,0.804297987746911,0.954297987746911,1
"soybean_rust",114,0.15,0.804297987746911,0.954297987746911,1
"soybean_rust",115,0.15,0.804297987746911,0.954297987746911,1
"soybean_rust",116,0.15,0.804297987746911,0.954297987746911,1
"soybean_rust",117,0.15,0.804297987746911,0.954297987746911,1
"soybean_rust",118,0.15,0.804297987746911,0.954297987746911,1
"soybean_rust",119,0.15,0.804297987746911,0.954297987746911,1
"soybean_rust",120,0.15,0.804297987746911,0.954297987746911,1
"soybean_rust",121,0.15,0.804297987746911,0.954297987746911,1
"soybean_rust",122,0.15,0.804297987746911,0.954297987746911,1
"soybean_rust",123,0.15,0.804297987746911,0.954297987746911,1
"soybean_rust",124,0.15,0.804297987746911,0.954297987746911,1
"soybean_rust",125,0.15,0.804297987746911,0.954297987746911,1
"soybean_rust",126,0.15,0.804297987746911,0.954297987746911,1
"soybean_rust",127,0.15,0.804297987746911,0.954297987746911,1
"soybean_rust",128,0.15,0.804297987746911,0.954297987746911,1
"soybean_rust",129,0.15,0.804297987746911,0.954297987746911,1
"soybean_rust",130,0.15,0.804297987746911,0.954297987746911,1
"tan_spot_wheat",2,0.05,0.837151593639496,0.887151593639496,0.0615755474286751
"tan_spot_wheat",3,0.05,0.837151593639496,0.887151593639496,0.0830188765286729
"tan_spot_wheat",4,0.05,0.837151593639496,0.887151593639496,0.10928587965008
"tan_spot_wheat",5,0.05,0.837151593639496,0.887151593639496,0.137549063010397
"tan_spot_wheat",6,0.05,0.837151593639496,0.887151593639496,0.166733383515357
"tan_spot_wheat",7,0.05,0.837151593639496,0.887151593639496,0.196348260516185
"tan_spot_wheat",8,0.05,0.837151593639496,0.887151593639496,0.226110085246448
"tan_spot_wheat",9,0.05,0.837151593639496,0.887151593639496,0.255823568342327
"tan_spot_wheat",10,0.05,0.837151593639496,0.887151593639496,0.28533938075028
"tan_spot_wheat",11,0.05,0.837151593639496,0.887151593639496,0.314536797397734
"tan_spot_wheat",12,0.05,0.837151593639496,0.887151593639496,0.343315562863661
"tan_spot_wheat",13,0.05,0.837151593639496,0.887151593639496,0.371591536062356
"tan_spot_wheat",14,0.05,0.837151593639496,0.887151593639496,0.39929403379031
"tan_spot_wheat",15,0.05,0.837151593639496,0.887151593639496,0.426364005809989
"tan_spot_wheat",16,0.05,0.837151593639496,0.887151593639496,0.452752652299531
"tan_spot_wheat",17,0.05,0.837151593639496,0.887151593639496,0.478420297728185
"tan_spot_wheat",18,0.05,0.837151593639496,0.887151593639496,0.503335427333246
"tan_spot_wheat",19,0.05,0.837151593639496,0.887151593639496,0.52747383641639
"tan_spot_wheat",20,0.05,0.837151593639496,0.887151593639496,0.550817864724888
"tan_spot_wheat",21,0.05,0.837151593639496,0.887151593639496,0.573355699656522
"tan_spot_wheat",22,0.05,0.837151593639496,0.887151593639496,0.595080738171155
"tan_spot_wheat",23,0.05,0.837151593639496,0.887151593639496,0.61599100071728
"tan_spot_wheat",24,0.05,0.837151593639496,0.887151593639496,0.636088592378541
"tan_spot_wheat",25,0.05,0.837151593639496,0.887151593639496,0.655379207567276
"tan_spot_wheat",26,0.05,0.837151593639496,0.887151593639496,0.673871675242149
"tan_spot_wheat",27,0.05,0.837151593639496,0.887151593639496,0.691577542023733
"tan_spot_wheat",28,0.05,0.837151593639496,0.887151593639496,0.708510690832198
"tan_spot_wheat",29,0.05,0.837151593639496,0.887151593639496,0.724686992837843
"tan_spot_wheat",30,0.05,0.837151593639496,0.887151593639496,0.740123990634418
"tan_spot_wheat",31,0.05,0.837151593639496,0.887151593639496,0.75484061064523
"tan_spot_wheat",32,0.05,0.837151593639496,0.887151593639496,0.768856902838099
"tan_spot_wheat",33,0.05,0.837151593639496,0.887151593639496,0.782193805925376
"tan_spot_wheat",34,0.05,0.837151593639496,0.887151593639496,0.794872936274686
"tan_spot_wheat",35,0.05,0.837151593639496,0.887151593639496,0.806916398842617
"tan_spot_wheat",36,0.05,0.837151593639496,0.887151593639496,0.818346618512895
"tan_spot_wheat",37,0.05,0.837151593639496,0.887151593639496,0.829186190295401
"tan_spot_wheat",38,0.05,0.837151593639496,0.887151593639496,0.839457746917259
"tan_spot_wheat",39,0.05,0.837151593639496,0.887151593639496,0.849183842412821
"tan_spot_wheat",40,0.05,0.837151593639496,0.887151593639496,0.858386850394204
"tan_spot_wheat",41,0.05,0.837151593639496,0.887151593639496,0.867088875758635
"tan_spot_wheat",42,0.05,0.837151593639496,0.887151593639496,0.875311678662508
"tan_spot_wheat",43,0.05,0.837151593639496,0.887151593639496,0.883076609663873
"tan_spot_wheat",44,0.05,0.837151593639496,0.887151593639496,0.890404555004921
"tan_spot_wheat",45,0.05,0.837151593639496,0.887151593639496,0.897315891078623
"tan_spot_wheat",46,0.05,0.837151593639496,0.887151593639496,0.90383044717606
"tan_spot_wheat",47,0.05,0.837151593639496,0.887151593639496,0.909967475696556
"tan_spot_wheat",48,0.05,0.837151593639496,0.887151593639496,0.915745629041512
"tan_spot_wheat",49,0.05,0.837151593639496,0.887151593639496,0.921182942483648
"tan_spot_wheat",50,0.05,0.837151593639496,0.887151593639496,0.926296822354249
"tan_spot_wheat",51,0.05,0.837151593639496,0.887151593639496,0.931104038943787
"tan_spot_wheat",52,0.05,0.837151593639496,0.887151593639496,0.935620723560567
"tan_spot_wheat",53,0.05,0.837151593639496,0.887151593639496,0.939862369238705
"tan_spot_wheat",54,0.05,0.837151593639496,0.887151593639496,0.94384383463054
"tan_spot_wheat",55,0.05,0.837151593639496,0.887151593639496,0.94757935065916
"tan_spot_wheat",56,0.05,0.837151593639496,0.887151593639496,0.951082529545455
"tan_spot_wheat",57,0.05,0.837151593639496,0.887151593639496,0.954366375859904
"tan_spot_wheat",58,0.05,0.837151593639496,0.887151593639496,0.957443299282104
"tan_spot_wheat",59,0.05,0.837151593639496,0.887151593639496,0.960325128782413
"tan_spot_wheat",60,0.05,0.837151593639496,0.887151593639496,0.963023127968851
"tan_spot_wheat",61,0.05,0.837151593639496,0.887151593639496,0.965548011367971
"tan_spot_wheat",62,0.05,0.837151593639496,0.887151593639496,0.967909961433938
"tan_spot_wheat",63,0.05,0.837151593639496,0.887151593639496,0.970118646102077
"tan_spot_wheat",64,0.05,0.837151593639496,0.887151593639496,0.972183236723514
"tan_spot_wheat",65,0.05,0.837151593639496,0.887151593639496,0.974112426236158
"tan_spot_wheat",66,0.05,0.837151593639496,0.887151593639496,0.975914447449236
"tan_spot_wheat",67,0.05,0.837151593639496,0.887151593639496,0.977597091320813
"tan_spot_wheat",68,0.05,0.837151593639496,0.887151593639496,0.979167725143725
"tan_spot_wheat",69,0.05,0.837151593639496,0.887151593639496,0.980633310547598
"tan_spot_wheat",70,0.05,0.837151593639496,0.887151593639496,0.982000421248947
"tan_spot_wheat",71,0.05,0.837151593639496,0.887151593639496,0.983275260487109
"tan_spot_wheat",72,0.05,0.837151593639496,0.887151593639496,0.984463678095363
"tan_spot_wheat",73,0.05,0.837151593639496,0.887151593639496,0.985571187164437
"tan_spot_wheat",74,0.05,0.837151593639496,0.887151593639496,0.986602980263205
"tan_spot_wheat",75,0.05,0.837151593639496,0.887151593639496,0.987563945189444
"tan_spot_wheat",76,0.05,0.837151593639496,0.887151593639496,0.988458680227991
"tan_spot_wheat",77,0.05,0.837151593639496,0.887151593639496,0.989291508901341
"tan_spot_wheat",78,0.05,0.837151593639496,0.887151593639496,0.99006649420027
"tan_spot_wheat",79,0.05,0.837151593639496,0.887151593639496,0.990787452288979
"tan_spot_wheat",80,0.05,0.837151593639496,0.887151593639496,0.99145796567978
"tan_spot_wheat",81,0.05,0.837151593639496,0.887151593639496,0.992081395879382
"tan_spot_wheat",82,0.05,0.837151593639496,0.887151593639496,0.992660895508052
"tan_spot_wheat",83,0.05,0.837151593639496,0.887151593639496,0.99319941989874
"tan_spot_wheat",84,0.05,0.837151593639496,0.887151593639496,0.993699738182217
"tan_spot_wheat",85,0.05,0.837151593639496,0.887151593639496,0.994164443868558
"tan_spot_wheat",86,0.05,0.837151593639496,0.887151593639496,0.994595964935635
"tan_spot_wheat",87,0.05,0.837151593639496,0.887151593639496,0.994996573436518
"tan_spot_wheat",88,0.05,0.837151593639496,0.887151593639496,0.995368394638656
"tan_spot_wheat",89,0.05,0.837151593639496,0.887151593639496,0.995713415709463
"tan_spot_wheat",90,0.05,0.837151593639496,0.887151593639496,0.996033493962042
"tan_spot_wheat",91,0.05,0.837151593639496,0.887151593639496,0.99633036467636
"tan_spot_wheat",92,0.05,0.837151593639496,0.887151593639496,0.996605648510848
"tan_spot_wheat",93,0.05,0.837151593639496,0.887151593639496,0.996860858520389
"tan_spot_wheat",94,0.05,0.837151593639496,0.887151593639496,0.997097406795748
"tan_spot_wheat",95,0.05,0.837151593639496,0.887151593639496,0.997316610739398
"tan_spot_wheat",96,0.05,0.837151593639496,0.887151593639496,0.997519698994692
"tan_spot_wheat",97,0.05,0.837151593639496,0.887151593639496,0.997707817041811
"tan_spot_wheat",98,0.05,0.837151593639496,0.887151593639496,0.997882032476577
"tan_spot_wheat",99,0.05,0.837151593639496,0.887151593639496,0.998043339986337
"tan_spot_wheat",100,0.05,0.837151593639496,0.887151593639496,0.99819266603642
"tan_spot_wheat",101,0.05,0.837151593639496,0.887151593639496,0.998330873285266
"tan_spot_wheat",102,0.05,0.837151593639496,0.887151593639496,0.998458764732688
"tan_spot_wheat",103,0.05,0.837151593639496,0.887151593639496,0.998577087626216
"tan_spot_wheat",104,0.05,0.837151593639496,0.887151593639496,0.998686537128617
"tan_spot_wheat",105,0.05,0.837151593639496,0.887151593639496,0.998787759763897
"tan_spot_wheat",106,0.05,0.837151593639496,0.887151593639496,0.998881356652014
"tan_spot_wheat",107,0.05,0.837151593639496,0.887151593639496,0.998967886543493
"tan_spot_wheat",108,0.05,0.837151593639496,0.887151593639496,0.999047868665762
"tan_spot_wheat",109,0.05,0.837151593639496,0.887151593639496,0.9991217853905
"tan_spot_wheat",110,0.05,0.837151593639496,0.887151593639496,0.999190084733299
"tan_spot_wheat",111,0.05,0.837151593639496,0.887151593639496,0.999253182693654
"tan_spot_wheat",112,0.05,0.837151593639496,0.887151593639496,0.999311465446063
"tan_spot_wheat",113,0.05,0.837151593639496,0.887151593639496,0.999365291389202
"tan_spot_wheat",114,0.05,0.837151593639496,0.887151593639496,0.999414993063373
"tan_spot_wheat",115,0.05,0.837151593639496,0.887151593639496,0.999460878941681
"tan_spot_wheat",116,0.05,0.837151593639496,0.887151593639496,0.999503235105186
"tan_spot_wheat",117,0.05,0.837151593639496,0.887151593639496,0.999542326806503
"tan_spot_wheat",118,0.05,0.837151593639496,0.887151593639496,0.999578399930303
"tan_spot_wheat",119,0.05,0.837151593639496,0.887151593639496,0.99961168235662
"tan_spot_wheat",120,0.05,0.837151593639496,0.887151593639496,0.999642385232242
"tan_spot_wheat",121,0.05,0.837151593639496,0.887151593639496,0.999670704157466
"tan_spot_wheat",122,0.05,0.837151593639496,0.887151593639496,0.999696820291334
"tan_spot_wheat",123,0.05,0.837151593639496,0.887151593639496,0.999720901383057
"tan_spot_wheat",124,0.05,0.837151593639496,0.887151593639496,0.99974310273221
"tan_spot_wheat",125,0.05,0.837151593639496,0.887151593639496,0.999763568083239
"tan_spot_wheat",126,0.05,0.837151593639496,0.887151593639496,0.999782430458433
"tan_spot_wheat",127,0.05,0.837151593639496,0.887151593639496,0.999799812933567
"tan_spot_wheat",128,0.05,0.837151593639496,0.887151593639496,0.999815829358716
"tan_spot_wheat",129,0.05,0.837151593639496,0.887151593639496,0.999830585030274
"tan_spot_wheat",130,0.05,0.837151593639496,0.887151593639496,0.999844177314493
"tan_spot_wheat",2,0.1,0.837151593639496,0.937151593639496,0.112722930943226
"tan_spot_wheat",3,0.1,0.837151593639496,0.937151593639496,0.245679831161849
"tan_spot_wheat",4,0.1,0.837151593639496,0.937151593639496,0.410726960320487
"tan_spot_wheat",5,0.1,0.837151593639496,0.937151593639496,0.565855273815633
"tan_spot_wheat",6,0.1,0.837151593639496,0.937151593639496,0.693148198205261
"tan_spot_wheat",7,0.1,0.837151593639496,0.937151593639496,0.789799269966957
"tan_spot_wheat",8,0.1,0.837151593639496,0.937151593639496,0.859535729042679
"tan_spot_wheat",9,0.1,0.837151593639496,0.937151593639496,0.908031577165897
"tan_spot_wheat",10,0.1,0.837151593639496,0.937151593639496,0.940812212194241
"tan_spot_wheat",11,0.1,0.837151593639496,0.937151593639496,0.962469549532985
"tan_spot_wheat",12,0.1,0.837151593639496,0.937151593639496,0.976509008063346
"tan_spot_wheat",13,0.1,0.837151593639496,0.937151593639496,0.985464495141285
"tan_spot_wheat",14,0.1,0.837151593639496,0.937151593639496,0.991097814431009
"tan_spot_wheat",15,0.1,0.837151593639496,0.937151593639496,0.994598204960179
"tan_spot_wheat",16,0.1,0.837151593639496,0.937151593639496,0.996749705535113
"tan_spot_wheat",17,0.1,0.837151593639496,0.937151593639496,0.99805927330466
"tan_spot_wheat",18,0.1,0.837151593639496,0.937151593639496,0.998849375671249
"tan_spot_wheat",19,0.1,0.837151593639496,0.937151593639496,0.99932225655326
"tan_spot_wheat",20,0.1,0.837151593639496,0.937151593639496,0.999603205430836
"tan_spot_wheat",21,0.1,0.837151593639496,0.937151593639496,0.999768997575276
"tan_spot_wheat",22,0.1,0.837151593639496,0.937151593639496,0.999866223680178
"tan_spot_wheat",23,0.1,0.837151593639496,0.937151593639496,0.999922910000725
"tan_spot_wheat",24,0.1,0.837151593639496,0.937151593639496,0.999955781665268
"tan_spot_wheat",25,0.1,0.837151593639496,0.937151593639496,0.999974747229561
"tan_spot_wheat",26,0.1,0.837151593639496,0.937151593639496,0.999985637708406
"tan_spot_wheat",27,0.1,0.837151593639496,0.937151593639496,0.999991863405414
"tan_spot_wheat",28,0.1,0.837151593639496,0.937151593639496,0.999995407453023
"tan_spot_wheat",29,0.1,0.837151593639496,0.937151593639496,0.999997416925741
"tan_spot_wheat",30,0.1,0.837151593639496,0.937151593639496,0.999998552007394
"tan_spot_wheat",31,0.1,0.837151593639496,0.937151593639496,0.999999190885551
"tan_spot_wheat",32,0.1,0.837151593639496,0.937151593639496,0.999999549255404
"tan_spot_wheat",33,0.1,0.837151593639496,0.937151593639496,0.999999749627737
"tan_spot_wheat",34,0.1,0.837151593639496,0.937151593639496,0.999999861314524
"tan_spot_wheat",35,0.1,0.837151593639496,0.937151593639496,0.999999923384828
"tan_spot_wheat",36,0.1,0.837151593639496,0.937151593639496,0.999999957783243
"tan_spot_wheat",37,0.1,0.837151593639496,0.937151593639496,0.999999976794832
"tan_spot_wheat",38,0.1,0.837151593639496,0.937151593639496,0.999999987275074
"tan_spot_wheat",39,0.1,0.837151593639496,0.937151593639496,0.999999993037988
"tan_spot_wheat",40,0.1,0.837151593639496,0.937151593639496,0.999999996199338
"tan_spot_wheat",41,0.1,0.837151593639496,0.937151593639496,0.99999999792956
"tan_spot_wheat",42,0.1,0.837151593639496,0.937151593639496,0.999999998874419
"tan_spot_wheat",43,0.1,0.837151593639496,0.937151593639496,0.999999999389295
"tan_spot_wheat",44,0.1,0.837151593639496,0.937151593639496,0.999999999669284
"tan_spot_wheat",45,0.1,0.837151593639496,0.937151593639496,0.999999999821238
"tan_spot_wheat",46,0.1,0.837151593639496,0.937151593639496,0.999999999903548
"tan_spot_wheat",47,0.1,0.837151593639496,0.937151593639496,0.999999999948049
"tan_spot_wheat",48,0.1,0.837151593639496,0.937151593639496,0.999999999972065
"tan_spot_wheat",49,0.1,0.837151593639496,0.937151593639496,0.999999999985003
"tan_spot_wheat",50,0.1,0.837151593639496,0.937151593639496,0.999999999991962
"tan_spot_wheat",51,0.1,0.837151593639496,0.937151593639496,0.999999999995698
"tan_spot_wheat",52,0.1,0.837151593639496,0.937151593639496,0.999999999997701
"tan_spot_wheat",53,0.1,0.837151593639496,0.937151593639496,0.999999999998773
"tan_spot_wheat",54,0.1,0.837151593639496,0.937151593639496,0.999999999999347
"tan_spot_wheat",55,0.1,0.837151593639496,0.937151593639496,0.999999999999652
"tan_spot_wheat",56,0.1,0.837151593639496,0.937151593639496,0.999999999999815
"tan_spot_wheat",57,0.1,0.837151593639496,0.937151593639496,0.999999999999902
"tan_spot_wheat",58,0.1,0.837151593639496,0.937151593639496,0.999999999999948
"tan_spot_wheat",59,0.1,0.837151593639496,0.937151593639496,0.999999999999972
"tan_spot_wheat",60,0.1,0.837151593639496,0.937151593639496,0.999999999999985
"tan_spot_wheat",61,0.1,0.837151593639496,0.937151593639496,0.999999999999992
"tan_spot_wheat",62,0.1,0.837151593639496,0.937151593639496,0.999999999999996
"tan_spot_wheat",63,0.1,0.837151593639496,0.937151593639496,0.999999999999998
"tan_spot_wheat",64,0.1,0.837151593639496,0.937151593639496,0.999999999999999
"tan_spot_wheat",65,0.1,0.837151593639496,0.937151593639496,0.999999999999999
"tan_spot_wheat",66,0.1,0.837151593639496,0.937151593639496,1
"tan_spot_wheat",67,0.1,0.837151593639496,0.937151593639496,1
"tan_spot_wheat",68,0.1,0.837151593639496,0.937151593639496,1
"tan_spot_wheat",69,0.1,0.837151593639496,0.937151593639496,1
"tan_spot_wheat",70,0.1,0.837151593639496,0.937151593639496,1
"tan_spot_wheat",71,0.1,0.837151593639496,0.937151593639496,1
"tan_spot_wheat",72,0.1,0.837151593639496,0.937151593639496,1
"tan_spot_wheat",73,0.1,0.837151593639496,0.937151593639496,1
"tan_spot_wheat",74,0.1,0.837151593639496,0.937151593639496,1
"tan_spot_wheat",75,0.1,0.837151593639496,0.937151593639496,1
"tan_spot_wheat",76,0.1,0.837151593639496,0.937151593639496,1
"tan_spot_wheat",77,0.1,0.837151593639496,0.937151593639496,1
"tan_spot_wheat",78,0.1,0.837151593639496,0.937151593639496,1
"tan_spot_wheat",79,0.1,0.837151593639496,0.937151593639496,1
"tan_spot_wheat",80,0.1,0.837151593639496,0.937151593639496,1
"tan_spot_wheat",81,0.1,0.837151593639496,0.937151593639496,1
"tan_spot_wheat",82,0.1,0.837151593639496,0.937151593639496,1
"tan_spot_wheat",83,0.1,0.837151593639496,0.937151593639496,1
"tan_spot_wheat",84,0.1,0.837151593639496,0.937151593639496,1
"tan_spot_wheat",85,0.1,0.837151593639496,0.937151593639496,1
"tan_spot_wheat",86,0.1,0.837151593639496,0.937151593639496,1
"tan_spot_wheat",87,0.1,0.837151593639496,0.937151593639496,1
"tan_spot_wheat",88,0.1,0.837151593639496,0.937151593639496,1
"tan_spot_wheat",89,0.1,0.837151593639496,0.937151593639496,1
"tan_spot_wheat",90,0.1,0.837151593639496,0.937151593639496,1
"tan_spot_wheat",91,0.1,0.837151593639496,0.937151593639496,1
"tan_spot_wheat",92,0.1,0.837151593639496,0.937151593639496,1
"tan_spot_wheat",93,0.1,0.837151593639496,0.937151593639496,1
"tan_spot_wheat",94,0.1,0.837151593639496,0.937151593639496,1
"tan_spot_wheat",95,0.1,0.837151593639496,0.937151593639496,1
"tan_spot_wheat",96,0.1,0.837151593639496,0.937151593639496,1
"tan_spot_wheat",97,0.1,0.837151593639496,0.937151593639496,1
"tan_spot_wheat",98,0.1,0.837151593639496,0.937151593639496,1
"tan_spot_wheat",99,0.1,0.837151593639496,0.937151593639496,1
"tan_spot_wheat",100,0.1,0.837151593639496,0.937151593639496,1
"tan_spot_wheat",101,0.1,0.837151593639496,0.937151593639496,1
"tan_spot_wheat",102,0.1,0.837151593639496,0.937151593639496,1
"tan_spot_wheat",103,0.1,0.837151593639496,0.937151593639496,1
"tan_spot_wheat",104,0.1,0.837151593639496,0.937151593639496,1
"tan_spot_wheat",105,0.1,0.837151593639496,0.937151593639496,1
"tan_spot_wheat",106,0.1,0.837151593639496,0.937151593639496,1
"tan_spot_wheat",107,0.1,0.837151593639496,0.937151593639496,1
"tan_spot_wheat",108,0.1,0.837151593639496,0.937151593639496,1
"tan_spot_wheat",109,0.1,0.837151593639496,0.937151593639496,1
"tan_spot_wheat",110,0.1,0.837151593639496,0.937151593639496,1
"tan_spot_wheat",111,0.1,0.837151593639496,0.937151593639496,1
"tan_spot_wheat",112,0.1,0.837151593639496,0.937151593639496,1
"tan_spot_wheat",113,0.1,0.837151593639496,0.937151593639496,1
"tan_spot_wheat",114,0.1,0.837151593639496,0.937151593639496,1
"tan_spot_wheat",115,0.1,0.837151593639496,0.937151593639496,1
"tan_spot_wheat",116,0.1,0.837151593639496,0.937151593639496,1
"tan_spot_wheat",117,0.1,0.837151593639496,0.937151593639496,1
"tan_spot_wheat",118,0.1,0.837151593639496,0.937151593639496,1
"tan_spot_wheat",119,0.1,0.837151593639496,0.937151593639496,1
"tan_spot_wheat",120,0.1,0.837151593639496,0.937151593639496,1
"tan_spot_wheat",121,0.1,0.837151593639496,0.937151593639496,1
"tan_spot_wheat",122,0.1,0.837151593639496,0.937151593639496,1
"tan_spot_wheat",123,0.1,0.837151593639496,0.937151593639496,1
"tan_spot_wheat",124,0.1,0.837151593639496,0.937151593639496,1
"tan_spot_wheat",125,0.1,0.837151593639496,0.937151593639496,1
"tan_spot_wheat",126,0.1,0.837151593639496,0.937151593639496,1
"tan_spot_wheat",127,0.1,0.837151593639496,0.937151593639496,1
"tan_spot_wheat",128,0.1,0.837151593639496,0.937151593639496,1
"tan_spot_wheat",129,0.1,0.837151593639496,0.937151593639496,1
"tan_spot_wheat",130,0.1,0.837151593639496,0.937151593639496,1
"tan_spot_wheat",2,0.15,0.837151593639496,0.987151593639496,0.283365172574739
"tan_spot_wheat",3,0.15,0.837151593639496,0.987151593639496,0.80135359146604
"tan_spot_wheat",4,0.15,0.837151593639496,0.987151593639496,0.983764596725401
"tan_spot_wheat",5,0.15,0.837151593639496,0.987151593639496,0.999373606867504
"tan_spot_wheat",6,0.15,0.837151593639496,0.987151593639496,0.99998409108442
"tan_spot_wheat",7,0.15,0.837151593639496,0.987151593639496,0.999999685537194
"tan_spot_wheat",8,0.15,0.837151593639496,0.987151593639496,0.999999994725353
"tan_spot_wheat",9,0.15,0.837151593639496,0.987151593639496,0.999999999921221
"tan_spot_wheat",10,0.15,0.837151593639496,0.987151593639496,0.999999999998924
"tan_spot_wheat",11,0.15,0.837151593639496,0.987151593639496,0.999999999999986
"tan_spot_wheat",12,0.15,0.837151593639496,0.987151593639496,1
"tan_spot_wheat",13,0.15,0.837151593639496,0.987151593639496,1
"tan_spot_wheat",14,0.15,0.837151593639496,0.987151593639496,1
"tan_spot_wheat",15,0.15,0.837151593639496,0.987151593639496,1
"tan_spot_wheat",16,0.15,0.837151593639496,0.987151593639496,1
"tan_spot_wheat",17,0.15,0.837151593639496,0.987151593639496,1
"tan_spot_wheat",18,0.15,0.837151593639496,0.987151593639496,1
"tan_spot_wheat",19,0.15,0.837151593639496,0.987151593639496,1
"tan_spot_wheat",20,0.15,0.837151593639496,0.987151593639496,1
"tan_spot_wheat",21,0.15,0.837151593639496,0.987151593639496,1
"tan_spot_wheat",22,0.15,0.837151593639496,0.987151593639496,1
"tan_spot_wheat",23,0.15,0.837151593639496,0.987151593639496,1
"tan_spot_wheat",24,0.15,0.837151593639496,0.987151593639496,1
"tan_spot_wheat",25,0.15,0.837151593639496,0.987151593639496,1
"tan_spot_wheat",26,0.15,0.837151593639496,0.987151593639496,1
"tan_spot_wheat",27,0.15,0.837151593639496,0.987151593639496,1
"tan_spot_wheat",28,0.15,0.837151593639496,0.987151593639496,1
"tan_spot_wheat",29,0.15,0.837151593639496,0.987151593639496,1
"tan_spot_wheat",30,0.15,0.837151593639496,0.987151593639496,1
"tan_spot_wheat",31,0.15,0.837151593639496,0.987151593639496,1
"tan_spot_wheat",32,0.15,0.837151593639496,0.987151593639496,1
"tan_spot_wheat",33,0.15,0.837151593639496,0.987151593639496,1
"tan_spot_wheat",34,0.15,0.837151593639496,0.987151593639496,1
"tan_spot_wheat",35,0.15,0.837151593639496,0.987151593639496,1
"tan_spot_wheat",36,0.15,0.837151593639496,0.987151593639496,1
"tan_spot_wheat",37,0.15,0.837151593639496,0.987151593639496,1
"tan_spot_wheat",38,0.15,0.837151593639496,0.987151593639496,1
"tan_spot_wheat",39,0.15,0.837151593639496,0.987151593639496,1
"tan_spot_wheat",40,0.15,0.837151593639496,0.987151593639496,1
"tan_spot_wheat",41,0.15,0.837151593639496,0.987151593639496,1
"tan_spot_wheat",42,0.15,0.837151593639496,0.987151593639496,1
"tan_spot_wheat",43,0.15,0.837151593639496,0.987151593639496,1
"tan_spot_wheat",44,0.15,0.837151593639496,0.987151593639496,1
"tan_spot_wheat",45,0.15,0.837151593639496,0.987151593639496,1
"tan_spot_wheat",46,0.15,0.837151593639496,0.987151593639496,1
"tan_spot_wheat",47,0.15,0.837151593639496,0.987151593639496,1
"tan_spot_wheat",48,0.15,0.837151593639496,0.987151593639496,1
"tan_spot_wheat",49,0.15,0.837151593639496,0.987151593639496,1
"tan_spot_wheat",50,0.15,0.837151593639496,0.987151593639496,1
"tan_spot_wheat",51,0.15,0.837151593639496,0.987151593639496,1
"tan_spot_wheat",52,0.15,0.837151593639496,0.987151593639496,1
"tan_spot_wheat",53,0.15,0.837151593639496,0.987151593639496,1
"tan_spot_wheat",54,0.15,0.837151593639496,0.987151593639496,1
"tan_spot_wheat",55,0.15,0.837151593639496,0.987151593639496,1
"tan_spot_wheat",56,0.15,0.837151593639496,0.987151593639496,1
"tan_spot_wheat",57,0.15,0.837151593639496,0.987151593639496,1
"tan_spot_wheat",58,0.15,0.837151593639496,0.987151593639496,1
"tan_spot_wheat",59,0.15,0.837151593639496,0.987151593639496,1
"tan_spot_wheat",60,0.15,0.837151593639496,0.987151593639496,1
"tan_spot_wheat",61,0.15,0.837151593639496,0.987151593639496,1
"tan_spot_wheat",62,0.15,0.837151593639496,0.987151593639496,1
"tan_spot_wheat",63,0.15,0.837151593639496,0.987151593639496,1
"tan_spot_wheat",64,0.15,0.837151593639496,0.987151593639496,1
"tan_spot_wheat",65,0.15,0.837151593639496,0.987151593639496,1
"tan_spot_wheat",66,0.15,0.837151593639496,0.987151593639496,1
"tan_spot_wheat",67,0.15,0.837151593639496,0.987151593639496,1
"tan_spot_wheat",68,0.15,0.837151593639496,0.987151593639496,1
"tan_spot_wheat",69,0.15,0.837151593639496,0.987151593639496,1
"tan_spot_wheat",70,0.15,0.837151593639496,0.987151593639496,1
"tan_spot_wheat",71,0.15,0.837151593639496,0.987151593639496,1
"tan_spot_wheat",72,0.15,0.837151593639496,0.987151593639496,1
"tan_spot_wheat",73,0.15,0.837151593639496,0.987151593639496,1
"tan_spot_wheat",74,0.15,0.837151593639496,0.987151593639496,1
"tan_spot_wheat",75,0.15,0.837151593639496,0.987151593639496,1
"tan_spot_wheat",76,0.15,0.837151593639496,0.987151593639496,1
"tan_spot_wheat",77,0.15,0.837151593639496,0.987151593639496,1
"tan_spot_wheat",78,0.15,0.837151593639496,0.987151593639496,1
"tan_spot_wheat",79,0.15,0.837151593639496,0.987151593639496,1
"tan_spot_wheat",80,0.15,0.837151593639496,0.987151593639496,1
"tan_spot_wheat",81,0.15,0.837151593639496,0.987151593639496,1
"tan_spot_wheat",82,0.15,0.837151593639496,0.987151593639496,1
"tan_spot_wheat",83,0.15,0.837151593639496,0.987151593639496,1
"tan_spot_wheat",84,0.15,0.837151593639496,0.987151593639496,1
"tan_spot_wheat",85,0.15,0.837151593639496,0.987151593639496,1
"tan_spot_wheat",86,0.15,0.837151593639496,0.987151593639496,1
"tan_spot_wheat",87,0.15,0.837151593639496,0.987151593639496,1
"tan_spot_wheat",88,0.15,0.837151593639496,0.987151593639496,1
"tan_spot_wheat",89,0.15,0.837151593639496,0.987151593639496,1
"tan_spot_wheat",90,0.15,0.837151593639496,0.987151593639496,1
"tan_spot_wheat",91,0.15,0.837151593639496,0.987151593639496,1
"tan_spot_wheat",92,0.15,0.837151593639496,0.987151593639496,1
"tan_spot_wheat",93,0.15,0.837151593639496,0.987151593639496,1
"tan_spot_wheat",94,0.15,0.837151593639496,0.987151593639496,1
"tan_spot_wheat",95,0.15,0.837151593639496,0.987151593639496,1
"tan_spot_wheat",96,0.15,0.837151593639496,0.987151593639496,1
"tan_spot_wheat",97,0.15,0.837151593639496,0.987151593639496,1
"tan_spot_wheat",98,0.15,0.837151593639496,0.987151593639496,1
"tan_spot_wheat",99,0.15,0.837151593639496,0.987151593639496,1
"tan_spot_wheat",100,0.15,0.837151593639496,0.987151593639496,1
"tan_spot_wheat",101,0.15,0.837151593639496,0.987151593639496,1
"tan_spot_wheat",102,0.15,0.837151593639496,0.987151593639496,1
"tan_spot_wheat",103,0.15,0.837151593639496,0.987151593639496,1
"tan_spot_wheat",104,0.15,0.837151593639496,0.987151593639496,1
"tan_spot_wheat",105,0.15,0.837151593639496,0.987151593639496,1
"tan_spot_wheat",106,0.15,0.837151593639496,0.987151593639496,1
"tan_spot_wheat",107,0.15,0.837151593639496,0.987151593639496,1
"tan_spot_wheat",108,0.15,0.837151593639496,0.987151593639496,1
"tan_spot_wheat",109,0.15,0.837151593639496,0.987151593639496,1
"tan_spot_wheat",110,0.15,0.837151593639496,0.987151593639496,1
"tan_spot_wheat",111,0.15,0.837151593639496,0.987151593639496,1
"tan_spot_wheat",112,0.15,0.837151593639496,0.987151593639496,1
"tan_spot_wheat",113,0.15,0.837151593639496,0.987151593639496,1
"tan_spot_wheat",114,0.15,0.837151593639496,0.987151593639496,1
"tan_spot_wheat",115,0.15,0.837151593639496,0.987151593639496,1
"tan_spot_wheat",116,0.15,0.837151593639496,0.987151593639496,1
"tan_spot_wheat",117,0.15,0.837151593639496,0.987151593639496,1
"tan_spot_wheat",118,0.15,0.837151593639496,0.987151593639496,1
"tan_spot_wheat",119,0.15,0.837151593639496,0.987151593639496,1
"tan_spot_wheat",120,0.15,0.837151593639496,0.987151593639496,1
"tan_spot_wheat",121,0.15,0.837151593639496,0.987151593639496,1
"tan_spot_wheat",122,0.15,0.837151593639496,0.987151593639496,1
"tan_spot_wheat",123,0.15,0.837151593639496,0.987151593639496,1
"tan_spot_wheat",124,0.15,0.837151593639496,0.987151593639496,1
"tan_spot_wheat",125,0.15,0.837151593639496,0.987151593639496,1
"tan_spot_wheat",126,0.15,0.837151593639496,0.987151593639496,1
"tan_spot_wheat",127,0.15,0.837151593639496,0.987151593639496,1
"tan_spot_wheat",128,0.15,0.837151593639496,0.987151593639496,1
"tan_spot_wheat",129,0.15,0.837151593639496,0.987151593639496,1
"tan_spot_wheat",130,0.15,0.837151593639496,0.987151593639496,1
"xylella_tobacco",2,0.05,0.630361600240465,0.680361600240465,0.0560513837386124
"xylella_tobacco",3,0.05,0.630361600240465,0.680361600240465,0.0670812679811739
"xylella_tobacco",4,0.05,0.630361600240465,0.680361600240465,0.0803889147595966
"xylella_tobacco",5,0.05,0.630361600240465,0.680361600240465,0.0945976377579306
"xylella_tobacco",6,0.05,0.630361600240465,0.680361600240465,0.109242328492757
"xylella_tobacco",7,0.05,0.630361600240465,0.680361600240465,0.124142143911425
"xylella_tobacco",8,0.05,0.630361600240465,0.680361600240465,0.139209340243179
"xylella_tobacco",9,0.05,0.630361600240465,0.680361600240465,0.15439149593193
"xylella_tobacco",10,0.05,0.630361600240465,0.680361600240465,0.16965168118445
"xylella_tobacco",11,0.05,0.630361600240465,0.680361600240465,0.184960754416121
"xylella_tobacco",12,0.05,0.630361600240465,0.680361600240465,0.200294036623539
"xylella_tobacco",13,0.05,0.630361600240465,0.680361600240465,0.215629740616778
"xylella_tobacco",14,0.05,0.630361600240465,0.680361600240465,0.230948167718083
"xylella_tobacco",15,0.05,0.630361600240465,0.680361600240465,0.2462312654234
"xylella_tobacco",16,0.05,0.630361600240465,0.680361600240465,0.261462365576146
"xylella_tobacco",17,0.05,0.630361600240465,0.680361600240465,0.276626017719014
"xylella_tobacco",18,0.05,0.630361600240465,0.680361600240465,0.291707874995037
"xylella_tobacco",19,0.05,0.630361600240465,0.680361600240465,0.306694610307685
"xylella_tobacco",20,0.05,0.630361600240465,0.680361600240465,0.321573850598417
"xylella_tobacco",21,0.05,0.630361600240465,0.680361600240465,0.336334122394702
"xylella_tobacco",22,0.05,0.630361600240465,0.680361600240465,0.350964804647407
"xylella_tobacco",23,0.05,0.630361600240465,0.680361600240465,0.365456086480007
"xylella_tobacco",24,0.05,0.630361600240465,0.680361600240465,0.379798928394822
"xylella_tobacco",25,0.05,0.630361600240465,0.680361600240465,0.393985026035564
"xylella_tobacco",26,0.05,0.630361600240465,0.680361600240465,0.40800677591304
"xylella_tobacco",27,0.05,0.630361600240465,0.680361600240465,0.421857242741084
"xylella_tobacco",28,0.05,0.630361600240465,0.680361600240465,0.435530128122872
"xylella_tobacco",29,0.05,0.630361600240465,0.680361600240465,0.449019740429377
"xylella_tobacco",30,0.05,0.630361600240465,0.680361600240465,0.462320965757831
"xylella_tobacco",31,0.05,0.630361600240465,0.680361600240465,0.475429239893209
"xylella_tobacco",32,0.05,0.630361600240465,0.680361600240465,0.488340521218044
"xylella_tobacco",33,0.05,0.630361600240465,0.680361600240465,0.501051264530721
"xylella_tobacco",34,0.05,0.630361600240465,0.680361600240465,0.513558395741965
"xylella_tobacco",35,0.05,0.630361600240465,0.680361600240465,0.525859287425474
"xylella_tobacco",36,0.05,0.630361600240465,0.680361600240465,0.537951735201879
"xylella_tobacco",37,0.05,0.630361600240465,0.680361600240465,0.549833934943916
"xylella_tobacco",38,0.05,0.630361600240465,0.680361600240465,0.561504460773935
"xylella_tobacco",39,0.05,0.630361600240465,0.680361600240465,0.572962243855291
"xylella_tobacco",40,0.05,0.630361600240465,0.680361600240465,0.584206551950868
"xylella_tobacco",41,0.05,0.630361600240465,0.680361600240465,0.595236969738717
"xylella_tobacco",42,0.05,0.630361600240465,0.680361600240465,0.606053379869428
"xylella_tobacco",43,0.05,0.630361600240465,0.680361600240465,0.616655944750238
"xylella_tobacco",44,0.05,0.630361600240465,0.680361600240465,0.627045089040818
"xylella_tobacco",45,0.05,0.630361600240465,0.680361600240465,0.637221482845167
"xylella_tobacco",46,0.05,0.630361600240465,0.680361600240465,0.647186025584105
"xylella_tobacco",47,0.05,0.630361600240465,0.680361600240465,0.656939830532233
"xylella_tobacco",48,0.05,0.630361600240465,0.680361600240465,0.666484210003296
"xylella_tobacco",49,0.05,0.630361600240465,0.680361600240465,0.67582066116753
"xylella_tobacco",50,0.05,0.630361600240465,0.680361600240465,0.684950852484549
"xylella_tobacco",51,0.05,0.630361600240465,0.680361600240465,0.693876610735129
"xylella_tobacco",52,0.05,0.630361600240465,0.680361600240465,0.702599908635161
"xylella_tobacco",53,0.05,0.630361600240465,0.680361600240465,0.711122853014279
"xylella_tobacco",54,0.05,0.630361600240465,0.680361600240465,0.719447673547504
"xylella_tobacco",55,0.05,0.630361600240465,0.680361600240465,0.727576712011024
"xylella_tobacco",56,0.05,0.630361600240465,0.680361600240465,0.73551241206129
"xylella_tobacco",57,0.05,0.630361600240465,0.680361600240465,0.743257309509682
"xylella_tobacco",58,0.05,0.630361600240465,0.680361600240465,0.750814023080659
"xylella_tobacco",59,0.05,0.630361600240465,0.680361600240465,0.758185245636661
"xylella_tobacco",60,0.05,0.630361600240465,0.680361600240465,0.765373735854058
"xylella_tobacco",61,0.05,0.630361600240465,0.680361600240465,0.772382310333938
"xylella_tobacco",62,0.05,0.630361600240465,0.680361600240465,0.779213836132652
"xylella_tobacco",63,0.05,0.630361600240465,0.680361600240465,0.785871223696902
"xylella_tobacco",64,0.05,0.630361600240465,0.680361600240465,0.792357420188207
"xylella_tobacco",65,0.05,0.630361600240465,0.680361600240465,0.798675403182132
"xylella_tobacco",66,0.05,0.630361600240465,0.680361600240465,0.804828174728239
"xylella_tobacco",67,0.05,0.630361600240465,0.680361600240465,0.810818755756245
"xylella_tobacco",68,0.05,0.630361600240465,0.680361600240465,0.816650180814929
"xylella_tobacco",69,0.05,0.630361600240465,0.680361600240465,0.822325493130295
"xylella_tobacco",70,0.05,0.630361600240465,0.680361600240465,0.827847739970149
"xylella_tobacco",71,0.05,0.630361600240465,0.680361600240465,0.833219968301778
"xylella_tobacco",72,0.05,0.630361600240465,0.680361600240465,0.83844522073087
"xylella_tobacco",73,0.05,0.630361600240465,0.680361600240465,0.843526531709479
"xylella_tobacco",74,0.05,0.630361600240465,0.680361600240465,0.848466924000972
"xylella_tobacco",75,0.05,0.630361600240465,0.680361600240465,0.853269405391214
"xylella_tobacco",76,0.05,0.630361600240465,0.680361600240465,0.85793696563327
"xylella_tobacco",77,0.05,0.630361600240465,0.680361600240465,0.862472573620406
"xylella_tobacco",78,0.05,0.630361600240465,0.680361600240465,0.866879174765007
"xylella_tobacco",79,0.05,0.630361600240465,0.680361600240465,0.871159688588952
"xylella_tobacco",80,0.05,0.630361600240465,0.680361600240465,0.875317006503582
"xylella_tobacco",81,0.05,0.630361600240465,0.680361600240465,0.879353989775677
"xylella_tobacco",82,0.05,0.630361600240465,0.680361600240465,0.883273467668183
"xylella_tobacco",83,0.05,0.630361600240465,0.680361600240465,0.88707823574837
"xylella_tobacco",84,0.05,0.630361600240465,0.680361600240465,0.890771054353635
"xylella_tobacco",85,0.05,0.630361600240465,0.680361600240465,0.894354647207649
"xylella_tobacco",86,0.05,0.630361600240465,0.680361600240465,0.8978317001789
"xylella_tobacco",87,0.05,0.630361600240465,0.680361600240465,0.901204860173867
"xylella_tobacco",88,0.05,0.630361600240465,0.680361600240465,0.904476734157401
"xylella_tobacco",89,0.05,0.630361600240465,0.680361600240465,0.907649888294008
"xylella_tobacco",90,0.05,0.630361600240465,0.680361600240465,0.910726847202624
"xylella_tobacco",91,0.05,0.630361600240465,0.680361600240465,0.913710093318797
"xylella_tobacco",92,0.05,0.630361600240465,0.680361600240465,0.916602066357824
"xylella_tobacco",93,0.05,0.630361600240465,0.680361600240465,0.919405162873438
"xylella_tobacco",94,0.05,0.630361600240465,0.680361600240465,0.922121735905947
"xylella_tobacco",95,0.05,0.630361600240465,0.680361600240465,0.924754094713868
"xylella_tobacco",96,0.05,0.630361600240465,0.680361600240465,0.927304504585396
"xylella_tobacco",97,0.05,0.630361600240465,0.680361600240465,0.929775186723018
"xylella_tobacco",98,0.05,0.630361600240465,0.680361600240465,0.932168318197624
"xylella_tobacco",99,0.05,0.630361600240465,0.680361600240465,0.93448603196713
"xylella_tobacco",100,0.05,0.630361600240465,0.680361600240465,0.936730416954852
"xylella_tobacco",101,0.05,0.630361600240465,0.680361600240465,0.938903518185173
"xylella_tobacco",102,0.05,0.630361600240465,0.680361600240465,0.941007336969549
"xylella_tobacco",103,0.05,0.630361600240465,0.680361600240465,0.943043831142796
"xylella_tobacco",104,0.05,0.630361600240465,0.680361600240465,0.945014915342506
"xylella_tobacco",105,0.05,0.630361600240465,0.680361600240465,0.946922461330789
"xylella_tobacco",106,0.05,0.630361600240465,0.680361600240465,0.948768298353914
"xylella_tobacco",107,0.05,0.630361600240465,0.680361600240465,0.950554213536603
"xylella_tobacco",108,0.05,0.630361600240465,0.680361600240465,0.952281952308306
"xylella_tobacco",109,0.05,0.630361600240465,0.680361600240465,0.953953218861359
"xylella_tobacco",110,0.05,0.630361600240465,0.680361600240465,0.955569676630228
"xylella_tobacco",111,0.05,0.630361600240465,0.680361600240465,0.957132948800264
"xylella_tobacco",112,0.05,0.630361600240465,0.680361600240465,0.958644618836067
"xylella_tobacco",113,0.05,0.630361600240465,0.680361600240465,0.960106231029074
"xylella_tobacco",114,0.05,0.630361600240465,0.680361600240465,0.961519291063719
"xylella_tobacco",115,0.05,0.630361600240465,0.680361600240465,0.962885266597576
"xylella_tobacco",116,0.05,0.630361600240465,0.680361600240465,0.964205587856603
"xylella_tobacco",117,0.05,0.630361600240465,0.680361600240465,0.96548164824088
"xylella_tobacco",118,0.05,0.630361600240465,0.680361600240465,0.966714804941059
"xylella_tobacco",119,0.05,0.630361600240465,0.680361600240465,0.967906379563453
"xylella_tobacco",120,0.05,0.630361600240465,0.680361600240465,0.969057658761472
"xylella_tobacco",121,0.05,0.630361600240465,0.680361600240465,0.970169894873784
"xylella_tobacco",122,0.05,0.630361600240465,0.680361600240465,0.97124430656535
"xylella_tobacco",123,0.05,0.630361600240465,0.680361600240465,0.972282079473119
"xylella_tobacco",124,0.05,0.630361600240465,0.680361600240465,0.97328436685271
"xylella_tobacco",125,0.05,0.630361600240465,0.680361600240465,0.974252290226198
"xylella_tobacco",126,0.05,0.630361600240465,0.680361600240465,0.975186940029905
"xylella_tobacco",127,0.05,0.630361600240465,0.680361600240465,0.97608937626153
"xylella_tobacco",128,0.05,0.630361600240465,0.680361600240465,0.976960629124201
"xylella_tobacco",129,0.05,0.630361600240465,0.680361600240465,0.977801699669719
"xylella_tobacco",130,0.05,0.630361600240465,0.680361600240465,0.978613560436549
"xylella_tobacco",2,0.1,0.630361600240465,0.730361600240465,0.0757705888948917
"xylella_tobacco",3,0.1,0.630361600240465,0.730361600240465,0.12548076392377
"xylella_tobacco",4,0.1,0.630361600240465,0.730361600240465,0.187958729519662
"xylella_tobacco",5,0.1,0.630361600240465,0.730361600240465,0.254928520195403
"xylella_tobacco",6,0.1,0.630361600240465,0.730361600240465,0.322358442917761
"xylella_tobacco",7,0.1,0.630361600240465,0.730361600240465,0.388081134793155
"xylella_tobacco",8,0.1,0.630361600240465,0.730361600240465,0.450816178843204
"xylella_tobacco",9,0.1,0.630361600240465,0.730361600240465,0.509791817708535
"xylella_tobacco",10,0.1,0.630361600240465,0.730361600240465,0.564569336725186
"xylella_tobacco",11,0.1,0.630361600240465,0.730361600240465,0.614943670344368
"xylella_tobacco",12,0.1,0.630361600240465,0.730361600240465,0.660877988861543
"xylella_tobacco",13,0.1,0.630361600240465,0.730361600240465,0.702456490564519
"xylella_tobacco",14,0.1,0.630361600240465,0.730361600240465,0.739848672681263
"xylella_tobacco",15,0.1,0.630361600240465,0.730361600240465,0.773281746828203
"xylella_tobacco",16,0.1,0.630361600240465,0.730361600240465,0.8030192629643
"xylella_tobacco",17,0.1,0.630361600240465,0.730361600240465,0.829344646847279
"xylella_tobacco",18,0.1,0.630361600240465,0.730361600240465,0.85254868968223
"xylella_tobacco",19,0.1,0.630361600240465,0.730361600240465,0.872920229113124
"xylella_tobacco",20,0.1,0.630361600240465,0.730361600240465,0.890739398867581
"xylella_tobacco",21,0.1,0.630361600240465,0.730361600240465,0.906272930080885
"xylella_tobacco",22,0.1,0.630361600240465,0.730361600240465,0.919771073701815
"xylella_tobacco",23,0.1,0.630361600240465,0.730361600240465,0.931465786369383
"xylella_tobacco",24,0.1,0.630361600240465,0.730361600240465,0.941569884630374
"xylella_tobacco",25,0.1,0.630361600240465,0.730361600240465,0.950276926010663
"xylella_tobacco",26,0.1,0.630361600240465,0.730361600240465,0.957761621259517
"xylella_tobacco",27,0.1,0.630361600240465,0.730361600240465,0.964180620991023
"xylella_tobacco",28,0.1,0.630361600240465,0.730361600240465,0.969673552672958
"xylella_tobacco",29,0.1,0.630361600240465,0.730361600240465,0.974364211202258
"xylella_tobacco",30,0.1,0.630361600240465,0.730361600240465,0.978361828836691
"xylella_tobacco",31,0.1,0.630361600240465,0.730361600240465,0.981762368666096
"xylella_tobacco",32,0.1,0.630361600240465,0.730361600240465,0.984649800694252
"xylella_tobacco",33,0.1,0.630361600240465,0.730361600240465,0.98709733150373
"xylella_tobacco",34,0.1,0.630361600240465,0.730361600240465,0.989168567871005
"xylella_tobacco",35,0.1,0.630361600240465,0.730361600240465,0.990918602013444
"xylella_tobacco",36,0.1,0.630361600240465,0.730361600240465,0.992395011753304
"xylella_tobacco",37,0.1,0.630361600240465,0.730361600240465,0.99363877309894
"xylella_tobacco",38,0.1,0.630361600240465,0.730361600240465,0.994685085822644
"xylella_tobacco",39,0.1,0.630361600240465,0.730361600240465,0.995564114830754
"xylella_tobacco",40,0.1,0.630361600240465,0.730361600240465,0.996301651598224
"xylella_tobacco",41,0.1,0.630361600240465,0.730361600240465,0.996919700900245
"xylella_tobacco",42,0.1,0.630361600240465,0.730361600240465,0.997436998602972
"xylella_tobacco",43,0.1,0.630361600240465,0.730361600240465,0.997869466495705
"xylella_tobacco",44,0.1,0.630361600240465,0.730361600240465,0.998230610138031
"xylella_tobacco",45,0.1,0.630361600240465,0.730361600240465,0.998531865522796
"xylella_tobacco",46,0.1,0.630361600240465,0.730361600240465,0.998782900073049
"xylella_tobacco",47,0.1,0.630361600240465,0.730361600240465,0.99899187313609
"xylella_tobacco",48,0.1,0.630361600240465,0.730361600240465,0.999165660743471
"xylella_tobacco",49,0.1,0.630361600240465,0.730361600240465,0.999310048993347
"xylella_tobacco",50,0.1,0.630361600240465,0.730361600240465,0.999429899998628
"xylella_tobacco",51,0.1,0.630361600240465,0.730361600240465,0.999529293942416
"xylella_tobacco",52,0.1,0.630361600240465,0.730361600240465,0.999611650399469
"xylella_tobacco",53,0.1,0.630361600240465,0.730361600240465,0.999679831724289
"xylella_tobacco",54,0.1,0.630361600240465,0.730361600240465,0.999736230975519
"xylella_tobacco",55,0.1,0.630361600240465,0.730361600240465,0.999782846543694
"xylella_tobacco",56,0.1,0.630361600240465,0.730361600240465,0.99982134537622
"xylella_tobacco",57,0.1,0.630361600240465,0.730361600240465,0.999853116447976
"xylella_tobacco",58,0.1,0.630361600240465,0.730361600240465,0.99987931590656
"xylella_tobacco",59,0.1,0.630361600240465,0.730361600240465,0.999900905127779
"xylella_tobacco",60,0.1,0.630361600240465,0.730361600240465,0.999918682746105
"xylella_tobacco",61,0.1,0.630361600240465,0.730361600240465,0.999933311574256
"xylella_tobacco",62,0.1,0.630361600240465,0.730361600240465,0.999945341196147
"xylella_tobacco",63,0.1,0.630361600240465,0.730361600240465,0.999955226903209
"xylella_tobacco",64,0.1,0.630361600240465,0.730361600240465,0.999963345545308
"xylella_tobacco",65,0.1,0.630361600240465,0.730361600240465,0.999970008782572
"xylella_tobacco",66,0.1,0.630361600240465,0.730361600240465,0.999975474151382
"xylella_tobacco",67,0.1,0.630361600240465,0.730361600240465,0.999979954294106
"xylella_tobacco",68,0.1,0.630361600240465,0.730361600240465,0.999983624648968
"xylella_tobacco",69,0.1,0.630361600240465,0.730361600240465,0.999986629850033
"xylella_tobacco",70,0.1,0.630361600240465,0.730361600240465,0.999989089048351
"xylella_tobacco",71,0.1,0.630361600240465,0.730361600240465,0.999991100331342
"xylella_tobacco",72,0.1,0.630361600240465,0.730361600240465,0.99999274439001
"xylella_tobacco",73,0.1,0.630361600240465,0.730361600240465,0.999994087559091
"xylella_tobacco",74,0.1,0.630361600240465,0.730361600240465,0.999995184334907
"xylella_tobacco",75,0.1,0.630361600240465,0.730361600240465,0.999996079459112
"xylella_tobacco",76,0.1,0.630361600240465,0.730361600240465,0.999996809641321
"xylella_tobacco",77,0.1,0.630361600240465,0.730361600240465,0.999997404982431
"xylella_tobacco",78,0.1,0.630361600240465,0.730361600240465,0.999997890149303
"xylella_tobacco",79,0.1,0.630361600240465,0.730361600240465,0.999998285343905
"xylella_tobacco",80,0.1,0.630361600240465,0.730361600240465,0.999998607101771
"xylella_tobacco",81,0.1,0.630361600240465,0.730361600240465,0.99999886894983
"xylella_tobacco",82,0.1,0.630361600240465,0.730361600240465,0.99999908194758
"xylella_tobacco",83,0.1,0.630361600240465,0.730361600240465,0.99999925513234
"xylella_tobacco",84,0.1,0.630361600240465,0.730361600240465,0.999999395885007
"xylella_tobacco",85,0.1,0.630361600240465,0.730361600240465,0.999999510230511
"xylella_tobacco",86,0.1,0.630361600240465,0.730361600240465,0.999999603084426
"xylella_tobacco",87,0.1,0.630361600240465,0.730361600240465,0.999999678455232
"xylella_tobacco",88,0.1,0.630361600240465,0.730361600240465,0.999999739610058
"xylella_tobacco",89,0.1,0.630361600240465,0.730361600240465,0.999999789210542
"xylella_tobacco",90,0.1,0.630361600240465,0.730361600240465,0.999999829424008
"xylella_tobacco",91,0.1,0.630361600240465,0.730361600240465,0.999999862014454
"xylella_tobacco",92,0.1,0.630361600240465,0.730361600240465,0.999999888416937
"xylella_tobacco",93,0.1,0.630361600240465,0.730361600240465,0.999999909798409
"xylella_tobacco",94,0.1,0.630361600240465,0.730361600240465,0.999999927107396
"xylella_tobacco",95,0.1,0.630361600240465,0.730361600240465,0.999999941114513
"xylella_tobacco",96,0.1,0.630361600240465,0.730361600240465,0.999999952445604
"xylella_tobacco",97,0.1,0.630361600240465,0.730361600240465,0.999999961608709
"xylella_tobacco",98,0.1,0.630361600240465,0.730361600240465,0.999999969016079
"xylella_tobacco",99,0.1,0.630361600240465,0.730361600240465,0.999999975002101
"xylella_tobacco",100,0.1,0.630361600240465,0.730361600240465,0.999999979837881
"xylella_tobacco",101,0.1,0.630361600240465,0.730361600240465,0.999999983743165
"xylella_tobacco",102,0.1,0.630361600240465,0.730361600240465,0.999999986895967
"xylella_tobacco",103,0.1,0.630361600240465,0.730361600240465,0.999999989440466
"xylella_tobacco",104,0.1,0.630361600240465,0.730361600240465,0.999999991493379
"xylella_tobacco",105,0.1,0.630361600240465,0.730361600240465,0.999999993149162
"xylella_tobacco",106,0.1,0.630361600240465,0.730361600240465,0.99999999448423
"xylella_tobacco",107,0.1,0.630361600240465,0.730361600240465,0.999999995560376
"xylella_tobacco",108,0.1,0.630361600240465,0.730361600240465,0.999999996427558
"xylella_tobacco",109,0.1,0.630361600240465,0.730361600240465,0.999999997126145
"xylella_tobacco",110,0.1,0.630361600240465,0.730361600240465,0.999999997688752
"xylella_tobacco",111,0.1,0.630361600240465,0.730361600240465,0.999999998141716
"xylella_tobacco",112,0.1,0.630361600240465,0.730361600240465,0.999999998506303
"xylella_tobacco",113,0.1,0.630361600240465,0.730361600240465,0.999999998799673
"xylella_tobacco",114,0.1,0.630361600240465,0.730361600240465,0.999999999035673
"xylella_tobacco",115,0.1,0.630361600240465,0.730361600240465,0.99999999922547
"xylella_tobacco",116,0.1,0.630361600240465,0.730361600240465,0.999999999378068
"xylella_tobacco",117,0.1,0.630361600240465,0.730361600240465,0.999999999500726
"xylella_tobacco",118,0.1,0.630361600240465,0.730361600240465,0.999999999599291
"xylella_tobacco",119,0.1,0.630361600240465,0.730361600240465,0.999999999678476
"xylella_tobacco",120,0.1,0.630361600240465,0.730361600240465,0.999999999742075
"xylella_tobacco",121,0.1,0.630361600240465,0.730361600240465,0.999999999793144
"xylella_tobacco",122,0.1,0.630361600240465,0.730361600240465,0.999999999834139
"xylella_tobacco",123,0.1,0.630361600240465,0.730361600240465,0.999999999867041
"xylella_tobacco",124,0.1,0.630361600240465,0.730361600240465,0.999999999893441
"xylella_tobacco",125,0.1,0.630361600240465,0.730361600240465,0.999999999914618
"xylella_tobacco",126,0.1,0.630361600240465,0.730361600240465,0.999999999931602
"xylella_tobacco",127,0.1,0.630361600240465,0.730361600240465,0.999999999945219
"xylella_tobacco",128,0.1,0.630361600240465,0.730361600240465,0.999999999956136
"xylella_tobacco",129,0.1,0.630361600240465,0.730361600240465,0.999999999964884
"xylella_tobacco",130,0.1,0.630361600240465,0.730361600240465,0.999999999971894
"xylella_tobacco",2,0.15,0.630361600240465,0.780361600240465,0.109921817141003
"xylella_tobacco",3,0.15,0.630361600240465,0.780361600240465,0.236124781996507
"xylella_tobacco",4,0.15,0.630361600240465,0.780361600240465,0.393520317276814
"xylella_tobacco",5,0.15,0.630361600240465,0.780361600240465,0.543729973557406
"xylella_tobacco",6,0.15,0.630361600240465,0.780361600240465,0.669648946973232
"xylella_tobacco",7,0.15,0.630361600240465,0.780361600240465,0.767673016154355
"xylella_tobacco",8,0.15,0.630361600240465,0.780361600240465,0.84035481346011
"xylella_tobacco",9,0.15,0.630361600240465,0.780361600240465,0.892379146929946
"xylella_tobacco",10,0.15,0.630361600240465,0.780361600240465,0.928617772860325
"xylella_tobacco",11,0.15,0.630361600240465,0.780361600240465,0.953312992691692
"xylella_tobacco",12,0.15,0.630361600240465,0.780361600240465,0.969837734679027
"xylella_tobacco",13,0.15,0.630361600240465,0.780361600240465,0.980724966792769
"xylella_tobacco",14,0.15,0.630361600240465,0.780361600240465,0.98780218997894
"xylella_tobacco",15,0.15,0.630361600240465,0.780361600240465,0.992348720947474
"xylella_tobacco",16,0.15,0.630361600240465,0.780361600240465,0.995239004556635
"xylella_tobacco",17,0.15,0.630361600240465,0.780361600240465,0.99705917787677
"xylella_tobacco",18,0.15,0.630361600240465,0.780361600240465,0.998195726916862
"xylella_tobacco",19,0.15,0.630361600240465,0.780361600240465,0.998899929310862
"xylella_tobacco",20,0.15,0.630361600240465,0.780361600240465,0.999333164342384
"xylella_tobacco",21,0.15,0.630361600240465,0.780361600240465,0.999597959931891
"xylella_tobacco",22,0.15,0.630361600240465,0.780361600240465,0.999758828790834
"xylella_tobacco",23,0.15,0.630361600240465,0.780361600240465,0.999856012678626
"xylella_tobacco",24,0.15,0.630361600240465,0.780361600240465,0.999914416727597
"xylella_tobacco",25,0.15,0.630361600240465,0.780361600240465,0.999949344038116
"xylella_tobacco",26,0.15,0.630361600240465,0.780361600240465,0.999970135854501
"xylella_tobacco",27,0.15,0.630361600240465,0.780361600240465,0.999982459611622
"xylella_tobacco",28,0.15,0.630361600240465,0.780361600240465,0.999989734462696
"xylella_tobacco",29,0.15,0.630361600240465,0.780361600240465,0.999994012379035
"xylella_tobacco",30,0.15,0.630361600240465,0.780361600240465,0.99999651881098
"xylella_tobacco",31,0.15,0.630361600240465,0.780361600240465,0.999997982253385
"xylella_tobacco",32,0.15,0.630361600240465,0.780361600240465,0.999998833911636
"xylella_tobacco",33,0.15,0.630361600240465,0.780361600240465,0.999999327986832
"xylella_tobacco",34,0.15,0.630361600240465,0.780361600240465,0.999999613760048
"xylella_tobacco",35,0.15,0.630361600240465,0.780361600240465,0.999999778579431
"xylella_tobacco",36,0.15,0.630361600240465,0.780361600240465,0.999999873379249
"xylella_tobacco",37,0.15,0.630361600240465,0.780361600240465,0.999999927762973
"xylella_tobacco",38,0.15,0.630361600240465,0.780361600240465,0.999999958882932
"xylella_tobacco",39,0.15,0.630361600240465,0.780361600240465,0.999999976647762
"xylella_tobacco",40,0.15,0.630361600240465,0.780361600240465,0.999999986765318
"xylella_tobacco",41,0.15,0.630361600240465,0.780361600240465,0.999999992514692
"xylella_tobacco",42,0.15,0.630361600240465,0.780361600240465,0.999999995774797
"xylella_tobacco",43,0.15,0.630361600240465,0.780361600240465,0.999999997619566
"xylella_tobacco",44,0.15,0.630361600240465,0.780361600240465,0.999999998661364
"xylella_tobacco",45,0.15,0.630361600240465,0.780361600240465,0.999999999248563
"xylella_tobacco",46,0.15,0.630361600240465,0.780361600240465,0.999999999578918
"xylella_tobacco",47,0.15,0.630361600240465,0.780361600240465,0.999999999764432
"xylella_tobacco",48,0.15,0.630361600240465,0.780361600240465,0.999999999868429
"xylella_tobacco",49,0.15,0.630361600240465,0.780361600240465,0.999999999926631
"xylella_tobacco",50,0.15,0.630361600240465,0.780361600240465,0.999999999959149
"xylella_tobacco",51,0.15,0.630361600240465,0.780361600240465,0.999999999977288
"xylella_tobacco",52,0.15,0.630361600240465,0.780361600240465,0.999999999987392
"xylella_tobacco",53,0.15,0.630361600240465,0.780361600240465,0.99999999999301
"xylella_tobacco",54,0.15,0.630361600240465,0.780361600240465,0.99999999999613
"xylella_tobacco",55,0.15,0.630361600240465,0.780361600240465,0.999999999997861
"xylella_tobacco",56,0.15,0.630361600240465,0.780361600240465,0.999999999998819
"xylella_tobacco",57,0.15,0.630361600240465,0.780361600240465,0.999999999999349
"xylella_tobacco",58,0.15,0.630361600240465,0.780361600240465,0.999999999999641
"xylella_tobacco",59,0.15,0.630361600240465,0.780361600240465,0.999999999999803
"xylella_tobacco",60,0.15,0.630361600240465,0.780361600240465,0.999999999999892
"xylella_tobacco",61,0.15,0.630361600240465,0.780361600240465,0.99999999999994
"xylella_tobacco",62,0.15,0.630361600240465,0.780361600240465,0.999999999999967
"xylella_tobacco",63,0.15,0.630361600240465,0.780361600240465,0.999999999999982
"xylella_tobacco",64,0.15,0.630361600240465,0.780361600240465,0.99999999999999
"xylella_tobacco",65,0.15,0.630361600240465,0.780361600240465,0.999999999999995
"xylella_tobacco",66,0.15,0.630361600240465,0.780361600240465,0.999999999999997
"xylella_tobacco",67,0.15,0.630361600240465,0.780361600240465,0.999999999999998
"xylella_tobacco",68,0.15,0.630361600240465,0.780361600240465,0.999999999999999
"xylella_tobacco",69,0.15,0.630361600240465,0.780361600240465,1
"xylella_tobacco",70,0.15,0.630361600240465,0.780361600240465,1
"xylella_tobacco",71,0.15,0.630361600240465,0.780361600240465,1
"xylella_tobacco",72,0.15,0.630361600240465,0.780361600240465,1
"xylella_tobacco",73,0.15,0.630361600240465,0.780361600240465,1
"xylella_tobacco",74,0.15,0.630361600240465,0.780361600240465,1
"xylella_tobacco",75,0.15,0.630361600240465,0.780361600240465,1
"xylella_tobacco",76,0.15,0.630361600240465,0.780361600240465,1
"xylella_tobacco",77,0.15,0.630361600240465,0.780361600240465,1
"xylella_tobacco",78,0.15,0.630361600240465,0.780361600240465,1
"xylella_tobacco",79,0.15,0.630361600240465,0.780361600240465,1
"xylella_tobacco",80,0.15,0.630361600240465,0.780361600240465,1
"xylella_tobacco",81,0.15,0.630361600240465,0.780361600240465,1
"xylella_tobacco",82,0.15,0.630361600240465,0.780361600240465,1
"xylella_tobacco",83,0.15,0.630361600240465,0.780361600240465,1
"xylella_tobacco",84,0.15,0.630361600240465,0.780361600240465,1
"xylella_tobacco",85,0.15,0.630361600240465,0.780361600240465,1
"xylella_tobacco",86,0.15,0.630361600240465,0.780361600240465,1
"xylella_tobacco",87,0.15,0.630361600240465,0.780361600240465,1
"xylella_tobacco",88,0.15,0.630361600240465,0.780361600240465,1
"xylella_tobacco",89,0.15,0.630361600240465,0.780361600240465,1
"xylella_tobacco",90,0.15,0.630361600240465,0.780361600240465,1
"xylella_tobacco",91,0.15,0.630361600240465,0.780361600240465,1
"xylella_tobacco",92,0.15,0.630361600240465,0.780361600240465,1
"xylella_tobacco",93,0.15,0.630361600240465,0.780361600240465,1
"xylella_tobacco",94,0.15,0.630361600240465,0.780361600240465,1
"xylella_tobacco",95,0.15,0.630361600240465,0.780361600240465,1
"xylella_tobacco",96,0.15,0.630361600240465,0.780361600240465,1
"xylella_tobacco",97,0.15,0.630361600240465,0.780361600240465,1
"xylella_tobacco",98,0.15,0.630361600240465,0.780361600240465,1
"xylella_tobacco",99,0.15,0.630361600240465,0.780361600240465,1
"xylella_tobacco",100,0.15,0.630361600240465,0.780361600240465,1
"xylella_tobacco",101,0.15,0.630361600240465,0.780361600240465,1
"xylella_tobacco",102,0.15,0.630361600240465,0.780361600240465,1
"xylella_tobacco",103,0.15,0.630361600240465,0.780361600240465,1
"xylella_tobacco",104,0.15,0.630361600240465,0.780361600240465,1
"xylella_tobacco",105,0.15,0.630361600240465,0.780361600240465,1
"xylella_tobacco",106,0.15,0.630361600240465,0.780361600240465,1
"xylella_tobacco",107,0.15,0.630361600240465,0.780361600240465,1
"xylella_tobacco",108,0.15,0.630361600240465,0.780361600240465,1
"xylella_tobacco",109,0.15,0.630361600240465,0.780361600240465,1
"xylella_tobacco",110,0.15,0.630361600240465,0.780361600240465,1
"xylella_tobacco",111,0.15,0.630361600240465,0.780361600240465,1
"xylella_tobacco",112,0.15,0.630361600240465,0.780361600240465,1
"xylella_tobacco",113,0.15,0.630361600240465,0.780361600240465,1
"xylella_tobacco",114,0.15,0.630361600240465,0.780361600240465,1
"xylella_tobacco",115,0.15,0.630361600240465,0.780361600240465,1
"xylella_tobacco",116,0.15,0.630361600240465,0.780361600240465,1
"xylella_tobacco",117,0.15,0.630361600240465,0.780361600240465,1
"xylella_tobacco",118,0.15,0.630361600240465,0.780361600240465,1
"xylella_tobacco",119,0.15,0.630361600240465,0.780361600240465,1
"xylella_tobacco",120,0.15,0.630361600240465,0.780361600240465,1
"xylella_tobacco",121,0.15,0.630361600240465,0.780361600240465,1
"xylella_tobacco",122,0.15,0.630361600240465,0.780361600240465,1
"xylella_tobacco",123,0.15,0.630361600240465,0.780361600240465,1
"xylella_tobacco",124,0.15,0.630361600240465,0.780361600240465,1
"xylella_tobacco",125,0.15,0.630361600240465,0.780361600240465,1
"xylella_tobacco",126,0.15,0.630361600240465,0.780361600240465,1
"xylella_tobacco",127,0.15,0.630361600240465,0.780361600240465,1
"xylella_tobacco",128,0.15,0.630361600240465,0.780361600240465,1
"xylella_tobacco",129,0.15,0.630361600240465,0.780361600240465,1
"xylella_tobacco",130,0.15,0.630361600240465,0.780361600240465,1
"xylella_tobacco",2,0.2,0.630361600240465,0.830361600240465,0.158087602094278
"xylella_tobacco",3,0.2,0.630361600240465,0.830361600240465,0.406953082565234
"xylella_tobacco",4,0.2,0.630361600240465,0.830361600240465,0.671579767886313
"xylella_tobacco",5,0.2,0.630361600240465,0.830361600240465,0.84555242339727
"xylella_tobacco",6,0.2,0.630361600240465,0.830361600240465,0.934708239886913
"xylella_tobacco",7,0.2,0.630361600240465,0.830361600240465,0.974359451630757
"xylella_tobacco",8,0.2,0.630361600240465,0.830361600240465,0.990463174728376
"xylella_tobacco",9,0.2,0.630361600240465,0.830361600240465,0.996599163914897
"xylella_tobacco",10,0.2,0.630361600240465,0.830361600240465,0.998827739065941
"xylella_tobacco",11,0.2,0.630361600240465,0.830361600240465,0.999607147862757
"xylella_tobacco",12,0.2,0.630361600240465,0.830361600240465,0.999871456293593
"xylella_tobacco",13,0.2,0.630361600240465,0.830361600240465,0.999958799554087
"xylella_tobacco",14,0.2,0.630361600240465,0.830361600240465,0.999987031459279
"xylella_tobacco",15,0.2,0.630361600240465,0.830361600240465,0.999995982935208
"xylella_tobacco",16,0.2,0.630361600240465,0.830361600240465,0.9999987734537
"xylella_tobacco",17,0.2,0.630361600240465,0.830361600240465,0.99999963032263
"xylella_tobacco",18,0.2,0.630361600240465,0.830361600240465,0.999999889887434
"xylella_tobacco",19,0.2,0.630361600240465,0.830361600240465,0.999999967553956
"xylella_tobacco",20,0.2,0.630361600240465,0.830361600240465,0.999999990533826
"xylella_tobacco",21,0.2,0.630361600240465,0.830361600240465,0.999999997263481
"xylella_tobacco",22,0.2,0.630361600240465,0.830361600240465,0.999999999215621
"xylella_tobacco",23,0.2,0.630361600240465,0.830361600240465,0.999999999776947
"xylella_tobacco",24,0.2,0.630361600240465,0.830361600240465,0.999999999937043
"xylella_tobacco",25,0.2,0.630361600240465,0.830361600240465,0.999999999982352
"xylella_tobacco",26,0.2,0.630361600240465,0.830361600240465,0.999999999995086
"xylella_tobacco",27,0.2,0.630361600240465,0.830361600240465,0.99999999999864
"xylella_tobacco",28,0.2,0.630361600240465,0.830361600240465,0.999999999999626
"xylella_tobacco",29,0.2,0.630361600240465,0.830361600240465,0.999999999999898
"xylella_tobacco",30,0.2,0.630361600240465,0.830361600240465,0.999999999999972
"xylella_tobacco",31,0.2,0.630361600240465,0.830361600240465,0.999999999999992
"xylella_tobacco",32,0.2,0.630361600240465,0.830361600240465,0.999999999999998
"xylella_tobacco",33,0.2,0.630361600240465,0.830361600240465,0.999999999999999
"xylella_tobacco",34,0.2,0.630361600240465,0.830361600240465,1
"xylella_tobacco",35,0.2,0.630361600240465,0.830361600240465,1
"xylella_tobacco",36,0.2,0.630361600240465,0.830361600240465,1
"xylella_tobacco",37,0.2,0.630361600240465,0.830361600240465,1
"xylella_tobacco",38,0.2,0.630361600240465,0.830361600240465,1
"xylella_tobacco",39,0.2,0.630361600240465,0.830361600240465,1
"xylella_tobacco",40,0.2,0.630361600240465,0.830361600240465,1
"xylella_tobacco",41,0.2,0.630361600240465,0.830361600240465,1
"xylella_tobacco",42,0.2,0.630361600240465,0.830361600240465,1
"xylella_tobacco",43,0.2,0.630361600240465,0.830361600240465,1
"xylella_tobacco",44,0.2,0.630361600240465,0.830361600240465,1
"xylella_tobacco",45,0.2,0.630361600240465,0.830361600240465,1
"xylella_tobacco",46,0.2,0.630361600240465,0.830361600240465,1
"xylella_tobacco",47,0.2,0.630361600240465,0.830361600240465,1
"xylella_tobacco",48,0.2,0.630361600240465,0.830361600240465,1
"xylella_tobacco",49,0.2,0.630361600240465,0.830361600240465,1
"xylella_tobacco",50,0.2,0.630361600240465,0.830361600240465,1
"xylella_tobacco",51,0.2,0.630361600240465,0.830361600240465,1
"xylella_tobacco",52,0.2,0.630361600240465,0.830361600240465,1
"xylella_tobacco",53,0.2,0.630361600240465,0.830361600240465,1
"xylella_tobacco",54,0.2,0.630361600240465,0.830361600240465,1
"xylella_tobacco",55,0.2,0.630361600240465,0.830361600240465,1
"xylella_tobacco",56,0.2,0.630361600240465,0.830361600240465,1
"xylella_tobacco",57,0.2,0.630361600240465,0.830361600240465,1
"xylella_tobacco",58,0.2,0.630361600240465,0.830361600240465,1
"xylella_tobacco",59,0.2,0.630361600240465,0.830361600240465,1
"xylella_tobacco",60,0.2,0.630361600240465,0.830361600240465,1
"xylella_tobacco",61,0.2,0.630361600240465,0.830361600240465,1
"xylella_tobacco",62,0.2,0.630361600240465,0.830361600240465,1
"xylella_tobacco",63,0.2,0.630361600240465,0.830361600240465,1
"xylella_tobacco",64,0.2,0.630361600240465,0.830361600240465,1
"xylella_tobacco",65,0.2,0.630361600240465,0.830361600240465,1
"xylella_tobacco",66,0.2,0.630361600240465,0.830361600240465,1
"xylella_tobacco",67,0.2,0.630361600240465,0.830361600240465,1
"xylella_tobacco",68,0.2,0.630361600240465,0.830361600240465,1
"xylella_tobacco",69,0.2,0.630361600240465,0.830361600240465,1
"xylella_tobacco",70,0.2,0.630361600240465,0.830361600240465,1
"xylella_tobacco",71,0.2,0.630361600240465,0.830361600240465,1
"xylella_tobacco",72,0.2,0.630361600240465,0.830361600240465,1
"xylella_tobacco",73,0.2,0.630361600240465,0.830361600240465,1
"xylella_tobacco",74,0.2,0.630361600240465,0.830361600240465,1
"xylella_tobacco",75,0.2,0.630361600240465,0.830361600240465,1
"xylella_tobacco",76,0.2,0.630361600240465,0.830361600240465,1
"xylella_tobacco",77,0.2,0.630361600240465,0.830361600240465,1
"xylella_tobacco",78,0.2,0.630361600240465,0.830361600240465,1
"xylella_tobacco",79,0.2,0.630361600240465,0.830361600240465,1
"xylella_tobacco",80,0.2,0.630361600240465,0.830361600240465,1
"xylella_tobacco",81,0.2,0.630361600240465,0.830361600240465,1
"xylella_tobacco",82,0.2,0.630361600240465,0.830361600240465,1
"xylella_tobacco",83,0.2,0.630361600240465,0.830361600240465,1
"xylella_tobacco",84,0.2,0.630361600240465,0.830361600240465,1
"xylella_tobacco",85,0.2,0.630361600240465,0.830361600240465,1
"xylella_tobacco",86,0.2,0.630361600240465,0.830361600240465,1
"xylella_tobacco",87,0.2,0.630361600240465,0.830361600240465,1
"xylella_tobacco",88,0.2,0.630361600240465,0.830361600240465,1
"xylella_tobacco",89,0.2,0.630361600240465,0.830361600240465,1
"xylella_tobacco",90,0.2,0.630361600240465,0.830361600240465,1
"xylella_tobacco",91,0.2,0.630361600240465,0.830361600240465,1
"xylella_tobacco",92,0.2,0.630361600240465,0.830361600240465,1
"xylella_tobacco",93,0.2,0.630361600240465,0.830361600240465,1
"xylella_tobacco",94,0.2,0.630361600240465,0.830361600240465,1
"xylella_tobacco",95,0.2,0.630361600240465,0.830361600240465,1
"xylella_tobacco",96,0.2,0.630361600240465,0.830361600240465,1
"xylella_tobacco",97,0.2,0.630361600240465,0.830361600240465,1
"xylella_tobacco",98,0.2,0.630361600240465,0.830361600240465,1
"xylella_tobacco",99,0.2,0.630361600240465,0.830361600240465,1
"xylella_tobacco",100,0.2,0.630361600240465,0.830361600240465,1
"xylella_tobacco",101,0.2,0.630361600240465,0.830361600240465,1
"xylella_tobacco",102,0.2,0.630361600240465,0.830361600240465,1
"xylella_tobacco",103,0.2,0.630361600240465,0.830361600240465,1
"xylella_tobacco",104,0.2,0.630361600240465,0.830361600240465,1
"xylella_tobacco",105,0.2,0.630361600240465,0.830361600240465,1
"xylella_tobacco",106,0.2,0.630361600240465,0.830361600240465,1
"xylella_tobacco",107,0.2,0.630361600240465,0.830361600240465,1
"xylella_tobacco",108,0.2,0.630361600240465,0.830361600240465,1
"xylella_tobacco",109,0.2,0.630361600240465,0.830361600240465,1
"xylella_tobacco",110,0.2,0.630361600240465,0.830361600240465,1
"xylella_tobacco",111,0.2,0.630361600240465,0.830361600240465,1
"xylella_tobacco",112,0.2,0.630361600240465,0.830361600240465,1
"xylella_tobacco",113,0.2,0.630361600240465,0.830361600240465,1
"xylella_tobacco",114,0.2,0.630361600240465,0.830361600240465,1
"xylella_tobacco",115,0.2,0.630361600240465,0.830361600240465,1
"xylella_tobacco",116,0.2,0.630361600240465,0.830361600240465,1
"xylella_tobacco",117,0.2,0.630361600240465,0.830361600240465,1
"xylella_tobacco",118,0.2,0.630361600240465,0.830361600240465,1
"xylella_tobacco",119,0.2,0.630361600240465,0.830361600240465,1
"xylella_tobacco",120,0.2,0.630361600240465,0.830361600240465,1
"xylella_tobacco",121,0.2,0.630361600240465,0.830361600240465,1
"xylella_tobacco",122,0.2,0.630361600240465,0.830361600240465,1
"xylella_tobacco",123,0.2,0.630361600240465,0.830361600240465,1
"xylella_tobacco",124,0.2,0.630361600240465,0.830361600240465,1
"xylella_tobacco",125,0.2,0.630361600240465,0.830361600240465,1
"xylella_tobacco",126,0.2,0.630361600240465,0.830361600240465,1
"xylella_tobacco",127,0.2,0.630361600240465,0.830361600240465,1
"xylella_tobacco",128,0.2,0.630361600240465,0.830361600240465,1
"xylella_tobacco",129,0.2,0.630361600240465,0.830361600240465,1
"xylella_tobacco",130,0.2,0.630361600240465,0.830361600240465,1
